Price,Close,High,Low,Open,Volume
Ticker,META,META,META,META,META
Date,Close,High,Low,Open,Volume
2024-01-02,343.5936584472656,350.41016108257946,337.3625582064885,348.58449167928967,19042200
2024-01-03,341.7878112792969,345.24072541994775,340.5078472895794,342.29384989196654,15451100
2024-01-04,344.417236328125,345.4392152921055,340.72619992113476,341.8176411156675,12099900
2024-01-05,349.2095947265625,350.7475137214206,343.56389682163444,344.28819338310336,13920700
2024-01-08,355.86737060546875,356.1848862578455,349.3088222783808,351.9382128171741,13890200
2024-01-09,354.6469421386719,357.8319699766495,352.5930524741726,353.62496321980836,13463900
2024-01-10,367.5853576660156,370.03612636295736,356.28403071762176,357.3655701410914,22117200
2024-01-11,366.7916564941406,369.8774266062331,360.10411548022216,369.232493748975,17205400
2024-01-12,371.5740966796875,374.124093141166,366.6626570609986,367.277824706656,19310000
2024-01-16,364.59881591796875,372.68535103334375,364.37062615979,370.74062077604117,15306900
2024-01-17,365.501708984375,365.6703986149391,355.8176948238154,363.4478196213952,12724800
2024-01-18,373.2012939453125,373.9156889250279,368.0616349334474,368.59740845826764,16354300
2024-01-19,380.46435546875,381.3672432896038,375.02701349065325,376.0489923907014,21670800
2024-01-22,378.80731201171875,387.3105899434806,378.19214441636774,384.9292833279464,17680500
2024-01-23,382.2007141113281,385.35594628431977,379.10498205560805,381.62521323149974,15506100
2024-01-24,387.65789794921875,393.0654443520471,384.7903858717887,386.96333625933397,15698500
2024-01-25,390.1185607910156,392.4105719303832,382.65712494527804,387.13201825545184,15091100
2024-01-26,391.07110595703125,393.70046609647795,388.5409429594839,391.2794623469608,13163700
2024-01-29,397.89752197265625,399.7926537489581,390.03920652616733,391.91447464954996,18742400
2024-01-30,396.94500732421875,403.19594147380514,396.45883230457235,400.4475204468842,18614700
2024-01-31,387.10223388671875,394.90101835810526,384.0858960218771,385.97109583241945,20180800
2024-02-01,391.70611572265625,397.3815791884309,389.9895751539661,390.8726598643205,29727100
2024-02-02,471.29156494140625,482.1761501937465,449.48272769119956,456.021412191709,84707600
2024-02-05,455.8328552246094,468.2255934429309,455.64433221754496,466.221332864614,40832400
2024-02-06,451.1793518066406,463.48279391079984,449.47274327000224,460.387092444329,21655200
2024-02-07,465.9336242675781,467.8485894270778,452.628035016413,454.4338712041085,23066000
2024-02-08,466.3404235839844,466.9258260140374,461.4091204468022,464.67351189027835,18815100
2024-02-09,464.4651794433594,469.9025218751917,463.8301783677953,469.26752079962773,18413100
2024-02-12,465.24896240234375,475.41915205194476,462.947019526659,464.5444992074422,19382000
2024-02-13,456.5373229980469,464.2468421541009,451.54648973334866,453.3126287541774,20916600
2024-02-14,469.5948791503906,470.4184031638811,462.4608605223656,464.28653002066994,16858400
2024-02-15,480.26116943359375,484.8154264310746,468.5431287071876,471.5793000388415,24212300
2024-02-16,469.6345520019531,475.2306210030674,465.5565383292655,474.38723338064216,23324600
2024-02-20,468.07672119140625,472.4722197533175,462.92713067577546,466.0625289865608,18015500
2024-02-21,464.8784484863281,465.84191805812145,458.68047616341727,463.3587521836112,12921800
2024-02-22,482.8565673828125,486.69056087896115,472.85436813311964,477.00621413077533,21625800
2024-02-23,480.770751953125,491.031180902857,479.1020716150301,484.7636721147276,18374300
2024-02-26,478.49615478515625,482.8665512765611,477.3638468302636,480.21451660164433,12101400
2024-02-27,483.7703552246094,483.9888750302903,476.68839173449226,476.7479852894886,10809600
2024-02-28,480.76080322265625,487.7434649649456,479.4993657776015,481.73421522969807,12715500
2024-02-29,486.8296813964844,488.389116970363,479.36029842457447,485.1510587006431,17732000
2024-03-01,498.9176940917969,500.8545756713837,488.5380785343457,488.7963071827619,16273600
2024-03-04,494.83538818359375,501.02344874221626,493.07731757525386,499.6129971227631,12324100
2024-03-05,486.9190368652344,492.24293001218,484.60473958064495,491.6668488599236,15325300
2024-03-06,492.7495422363281,499.58322016092893,490.96167477767403,494.2791810340301,11757900
2024-03-07,508.7410583496094,516.3494513793507,498.0038522883786,499.89105215785645,18586400
2024-03-08,502.54315185546875,520.0445011354961,495.9875874923853,510.72765736734266,18597100
2024-03-11,480.33367919921875,493.9712373423791,472.7947911045604,493.6633271933071,20428300
2024-03-12,496.3848876953125,498.9276472763487,481.46603715056744,489.9385984033987,15448200
2024-03-13,492.2330627441406,497.6066378852909,487.7236245660359,492.0542820577353,12090700
2024-03-14,488.5181884765625,497.9741037778643,484.8729178506202,496.8914470652399,12620000
2024-03-15,480.8403015136719,488.5182318843105,478.059137225896,485.71724349168346,29153600
2024-03-18,493.633544921875,494.070584561547,483.5320123264852,488.5976770138942,11755300
2024-03-19,492.89849853515625,493.28588697301825,478.039241983051,484.88286188860536,10903100
2024-03-20,502.1159973144531,504.7779741854075,491.835714780714,496.13654476437773,11711100
2024-03-21,504.3409423828125,511.5718900411895,502.6027262330663,511.24415578806696,9712500
2024-03-22,506.148681640625,506.5360700886192,500.9439753750218,503.5860676514322,8120600
2024-03-25,499.6328430175781,503.80457393392254,496.871563696633,502.38421028695126,8380600
2024-03-26,492.5508728027344,506.56584667768334,491.87542863664703,501.7286443250279,11205400
2024-03-27,490.5345458984375,496.5239715871602,484.78355507786483,495.9379177172375,9989700
2024-03-28,482.3102722167969,489.5710772928442,481.8831749511718,489.521395786928,15212800
2024-04-01,488.0414123535156,494.08045824129323,478.53584639701245,483.9193631882776,9247000
2024-04-02,494.0209045410156,494.17983080247325,481.38655471994537,481.83353672480007,11081000
2024-04-03,503.32781982421875,503.8244530380208,495.3916307675297,495.5704114495978,12099200
2024-04-04,507.4796447753906,526.4311529440604,507.1419075498126,512.9425792580104,26476300
2024-04-05,523.7891235351562,527.1264840478417,510.94613579364227,513.3796505682054,19263300
2024-04-08,515.7534790039062,527.9110477017449,515.3959177184777,525.7159681793986,13260600
2024-04-09,513.4193115234375,522.3288800381697,503.32769320807216,518.7133766013989,10863800
2024-04-10,516.3296508789062,519.0412485473654,502.3940952347152,505.86061532238585,11418500
2024-04-11,519.63720703125,520.3325056145172,513.8067382940332,517.6010230992423,10369500
2024-04-12,508.4530944824219,516.6872819178756,505.90039240697365,514.2637093320776,11984500
2024-04-15,496.8616638183594,515.0384571853876,493.93151580388917,513.2405867962719,13512900
2024-04-16,496.3948059082031,501.37104976093684,493.76262580382166,494.7558921640913,9847900
2024-04-17,490.8424987792969,499.77195453488656,483.8598367935751,499.7123609723866,12193700
2024-04-18,498.4210510253906,508.76098785932845,495.67965646364473,496.4544030177161,14808700
2024-04-19,477.8306884765625,499.41434858815046,472.5266493809035,499.41434858815046,25215400
2024-04-22,478.4862060546875,488.69698284246,470.2122804474179,486.4223944308952,17271100
2024-04-23,492.75946044921875,495.4015526749956,485.6774662629057,487.94211241184524,15079200
2024-04-24,490.177001953125,506.565898674962,481.3170517213348,504.6389593020942,37772700
2024-04-25,438.40789794921875,442.7683213792549,411.70889412672494,418.5624257469969,82890700
2024-04-26,440.3050537109375,443.4338366860677,429.05132886461274,438.48735929530994,32691400
2024-04-29,429.7069396972656,436.79887691376587,425.6742802137179,436.60021149294494,21502600
2024-04-30,427.2734680175781,436.65981835144106,426.82648596316585,428.1475170843744,18429500
2024-05-01,436.232666015625,446.93013406880516,424.23399111108887,425.71397863682915,20344900
2024-05-02,438.70587158203125,440.9705176340693,429.3691740100177,435.88499880227045,15221300
2024-05-03,448.9166259765625,451.11176631211475,440.8612508779358,442.9272314331877,16489100
2024-05-06,462.5442810058594,463.02105978106573,450.28737750238747,452.5122844958483,15094600
2024-05-07,465.0870361328125,468.3548909827228,458.2037074526032,463.1501848954651,13406800
2024-05-08,469.417724609375,472.377639194553,459.8823607432109,460.378993962156,11683900
2024-05-09,472.2187194824219,472.8742486238149,464.48116583313845,466.8352023225762,9437700
2024-05-10,472.9934387207031,474.2846728255521,466.4378748768234,473.87742999258705,10750000
2024-05-13,464.85858154296875,470.16262007051995,459.73332367866385,469.56665421428306,14668800
2024-05-14,468.67279052734375,469.35814681748144,456.98202476085544,460.2498799386915,10478600
2024-05-15,478.2974853515625,479.25101255755794,468.02711495824536,471.7816605384409,13100500
2024-05-16,470.0434265136719,474.47338576625015,469.5666477728062,471.8014969689751,16608200
2024-05-17,468.7323303222656,469.6163216180006,465.2658404350713,467.65958568158874,10807300
2024-05-20,465.6830139160156,470.01367116907085,463.89514652631107,466.78555537893186,11745100
2024-05-21,461.5013427734375,467.53047671083374,459.1572184570371,463.97456625143184,11742200
2024-05-22,464.630126953125,470.53013143312546,462.51446480062907,464.71951728620587,10078600
2024-05-23,462.6436462402344,471.16585905076363,458.43220618871834,469.6958441033179,11747900
2024-05-24,474.9998779296875,476.6189070760728,463.1601286330432,464.47124760813773,12024300
2024-05-28,476.68841552734375,477.6220580395815,471.6426053305284,473.37087913585106,10175800
2024-05-29,471.1658630371094,476.6189165103456,470.51033384867264,471.46386116212193,9226200
2024-05-30,463.90509033203125,468.55360042520306,461.5808504414888,468.4940068622727,10719600
2024-05-31,463.6865234375,465.9611118987805,451.3998233629331,462.66346029491183,16919800
2024-06-03,474.27471923828125,476.3705269083725,465.0870058983624,467.68935877281706,11279400
2024-06-04,473.778076171875,475.66530636538874,470.0434155478428,473.78801853460345,7088700
2024-06-05,491.7264709472656,493.3057609159678,480.651556438236,481.18792879186043,15690500
2024-06-06,490.4352111816406,499.4342020437463,487.58454155763394,489.6604646276873,10667300
2024-06-07,489.6405944824219,495.5505416682554,486.8694030600324,492.57074247783544,9380700
2024-06-10,499.2156982421875,499.2752918011658,490.087577609636,490.53452930197295,11220900
2024-06-11,504.0528564453125,504.18198591577544,494.91479425221536,496.7920821312561,9673700
2024-06-12,505.4136657714844,510.5488663402382,501.0730965012288,510.5289816127229,11983200
2024-06-13,500.7055969238281,505.9301575612256,497.98402638310364,502.3047412736244,9954600
2024-06-14,501.2624206542969,504.2352263741651,497.872015470044,499.76108944033547,10243300
2024-06-17,503.71820068359375,507.8145165497157,493.15924290347647,498.786716272725,11266600
2024-06-18,496.61920166015625,503.0917955375381,492.1748915017007,501.6600694232584,13060400
2024-06-20,498.8165588378906,500.7752377414344,493.9148702900185,499.1148224913511,11801200
2024-06-21,491.936279296875,500.5564623228992,489.56003146184884,500.5564623228992,22359200
2024-06-24,496.04254150390625,504.88143086237153,491.4490995948573,496.33088323813683,13525300
2024-06-25,507.6654052734375,507.7747584998529,492.6521843048923,494.1932637637257,12063200
2024-06-26,510.1708984375,510.85693517121933,501.77940391512504,503.7380827860577,8882300
2024-06-27,516.5739135742188,519.874839712924,510.94647017647,511.2944343363989,10121200
2024-06-28,501.322021484375,518.8805251412638,500.94420066099576,514.1777300033583,15855100
2024-07-01,501.7793884277344,503.6684622749848,490.3355617817053,502.0478560452752,10328200
2024-07-02,506.5716857910156,507.5659383637164,496.57945957224564,497.88192801510917,7739500
2024-07-03,507.029052734375,508.34147346230577,503.111695021788,503.45968950388533,6005600
2024-07-05,536.806884765625,537.7613890905714,508.659626943001,508.659626943001,21354100
2024-07-08,526.27783203125,539.6902908773806,523.6231943865845,539.2329128015355,14917500
2024-07-09,526.953857421875,534.3908471604564,525.1542627135257,530.6823045262751,8753200
2024-07-10,531.6168823242188,535.782802810221,525.3232468812585,527.7392732226358,10983300
2024-07-11,509.7532958984375,532.3824937070442,505.44816535369097,527.8387522591509,16458300
2024-07-12,496.0027770996094,505.16978705228513,491.3894609308073,494.89917130590845,19750500
2024-07-15,493.3083801269531,503.76790669294775,490.5344068407608,495.764185294849,12539200
2024-07-16,486.9750061035156,501.0536270420419,482.9979955675087,498.61769595186473,14075800
2024-07-17,459.3347473144531,476.41602998115064,456.4812472174527,476.41602998115064,28076600
2024-07-18,473.1150817871094,476.4855821522594,461.87008787870946,472.2699610515285,19267200
2024-07-19,474.0497131347656,483.9126820908743,472.97590331818924,473.32389780212014,15149400
2024-07-22,484.5986328125,489.2318528203752,481.11874927519335,483.78333853020865,12023100
2024-07-23,485.88128662109375,492.3737546328562,484.9168604229217,487.024670998181,9455500
2024-07-24,458.6188659667969,473.5624806822974,457.93282927520823,469.5954226900346,17649700
2024-07-25,450.8040466308594,460.88575158232453,440.1058796187656,460.59744019284307,18240500
2024-07-26,463.0234375,467.0700224305545,456.7795325266989,461.5320586336811,14222400
2024-07-29,463.0333251953125,471.23590835425637,462.34728854009927,467.1793714880281,11339600
2024-07-30,460.5278625488281,470.0130408141906,454.07517290776104,464.315962513696,11390400
2024-07-31,472.1009216308594,473.7613367281888,464.06737443417023,468.3128218694942,24285800
2024-08-01,494.8792724609375,524.1401187856688,489.27170365366396,518.0055973214868,43083100
2024-08-02,485.3345031738281,498.269709518672,473.4133932666961,486.1895458886483,24044700
2024-08-05,472.9957580566406,480.70121501811934,448.20901989340217,448.7558769798466,21396200
2024-08-06,491.2502746582031,499.6715955852924,475.8990117379211,476.2470062242667,20955000
2024-08-07,486.1099548339844,507.2179163887547,484.06176673048657,500.2382746300819,20105300
2024-08-08,506.7009582519531,507.0290482599496,491.876648319754,494.64066933875364,16156800
2024-08-09,514.7942504882812,515.3609818210642,502.7936128702813,504.79204020570734,13696600
2024-08-12,512.984619140625,515.0427292166193,506.1739830538234,513.8893622667638,9767400
2024-08-13,525.502197265625,528.4452065274616,515.1719598564413,517.0212549519154,13743800
2024-08-14,523.7324829101562,530.9308616621455,520.1233412991648,525.0249990881922,11444200
2024-08-15,534.2417602539062,536.667738996692,523.6728503857054,528.7335620768248,13482100
2024-08-16,524.388671875,530.5927981833395,521.6445250806896,528.842964640351,14776700
2024-08-19,526.2379760742188,528.6042411215221,519.7554305554554,523.8417936399916,9879700
2024-08-20,523.70263671875,528.0376240435813,522.8575463080886,525.3133210272216,7944400
2024-08-21,532.0841064453125,536.299787744821,523.9014283237659,524.1201954153424,13423300
2024-08-22,528.872802734375,541.1020981439891,525.5520328797932,533.9136709320021,15708300
2024-08-23,524.96533203125,536.7671046219766,522.0422271868836,533.834047542885,11323900
2024-08-26,518.1249389648438,524.9654020892407,511.99041707220374,524.5676767533054,9584000
2024-08-27,516.1163940429688,520.9982072863379,512.3481993117576,515.9970886103,6282700
2024-08-28,513.8098754882812,518.0951016645886,509.5047448414531,514.6947141610383,9106100
2024-08-29,515.2415771484375,524.1700071760439,512.7161972736417,516.0668238363469,8317400
2024-08-30,518.3137817382812,520.5309454515676,512.2389133705824,518.3535299929398,9157500
2024-09-03,508.81866455078125,522.4697318344816,505.69669716450665,516.6533790353354,12459100
2024-09-04,509.7929992675781,513.6209076689888,501.1728473864135,503.1613523166981,8335200
2024-09-05,513.889404296875,518.6320088026798,508.212230225459,508.7789615116668,8640900
2024-09-06,497.3946838378906,521.5649898617991,495.38630472485954,518.8804959933531,14744500
2024-09-09,501.8887634277344,508.39115339074016,499.19431711601146,503.2508845942156,11047800
2024-09-10,501.8887634277344,511.22477928436297,497.15611148388973,505.23938973469745,9899000
2024-09-11,508.88824462890625,510.17083885199577,492.7515459442201,504.0959706304443,10782500
2024-09-12,522.5791015625,523.6827679826088,512.2587555239991,514.07825463183,11970500
2024-09-13,521.6047973632812,524.5478069237411,514.1379505818885,517.3494277649944,10321400
2024-09-16,530.7207641601562,531.5367754435251,514.91696903701,522.0226572862116,9527600
2024-09-17,533.7462768554688,539.4985077957741,528.0238703630636,535.0201027147613,11690800
2024-09-18,535.3684692382812,541.5884764077421,531.3379167409221,534.4926873694405,10323500
2024-09-19,556.4168701171875,559.3726487545077,543.8972849270339,547.360565064833,15647000
2024-09-20,558.6560668945312,561.790974396656,553.630313904446,557.3125698177632,22066800
2024-09-23,561.701416015625,571.2254976602934,559.7110138514457,566.7670162500528,12830700
2024-09-24,560.6265869140625,565.0253582522924,551.5304353488232,563.9604859111224,12993000
2024-09-25,565.5827026367188,574.1115828691105,561.0147031201811,561.3431364723867,16543400
2024-09-26,565.114990234375,574.6291098304922,559.6512854533856,572.967080344701,14400800
2024-09-27,564.6372680664062,568.1006091166316,561.8009692958777,567.3641092966835,9398400
2024-09-30,569.69287109375,571.9221116471715,562.0895207658488,564.9756280044119,12792300
2024-10-01,573.7035522460938,580.2420307996076,567.3641260621707,575.2063156344602,15259300
2024-10-02,570.0610961914062,573.2357898880107,566.6077777940206,572.1012461423841,6524700
2024-10-03,579.9733276367188,580.5604622327534,566.0006662054095,567.4138954120452,11581000
2024-10-04,593.0801391601562,593.9857454241755,578.6397616460487,580.9287120013399,14169500
2024-10-07,581.9737548828125,600.0565426843976,581.2372550118221,595.3491999625717,12014200
2024-10-08,590.0447387695312,590.7115064354323,583.1579040765794,586.8600834032629,7857400
2024-10-09,587.67626953125,591.5376550413775,578.8189545663957,591.1395502650149,9529700
2024-10-10,581.0282592773438,587.397509697218,579.7245483018079,584.7503015704497,7740400
2024-10-11,587.118896484375,588.3728595792917,579.9136502956993,582.0234717517561,8587100
2024-10-14,587.586669921875,597.2202101574127,587.1289162492645,591.3684222975463,8252000
2024-10-15,583.45654296875,587.7756815393129,577.3559556315927,587.3278289153324,9564200
2024-10-16,574.02197265625,579.2866249105597,571.275268873164,578.6098955081545,11268400
2024-10-17,574.161376953125,582.1627721197076,572.4396984468079,580.5306884411078,8701200
2024-10-18,573.7035522460938,581.1675605388372,572.4894360534232,578.3113382248611,7694300
2024-10-21,572.3998413085938,574.4698766165733,566.37888676671,573.2657221535495,8171900
2024-10-22,579.2169799804688,580.7297050326658,569.3744268963089,571.5339961936412,8544500
2024-10-23,560.98486328125,582.192594507908,559.8005716422192,577.1867042398765,14248400
2024-10-24,565.0552978515625,566.1499947416787,558.8253293775932,564.4083928532417,7184700
2024-10-25,570.4989624023438,578.5003564229931,568.9762757450173,571.1756917804064,11337900
2024-10-28,575.3854370117188,580.948637846338,571.3648464645419,579.2070359341649,10925100
2024-10-29,590.4329223632812,590.8210046180449,572.6387223000493,577.3659274017436,13019100
2024-10-30,588.9600219726562,598.3149369771265,586.5516522238592,598.0959611405502,26864900
2024-10-31,564.8562622070312,587.0691582392678,560.3081858518195,582.1926485103984,26838400
2024-11-01,564.438232421875,570.917001339198,559.8603316322354,564.8860850679225,15303200
2024-11-04,557.9893188476562,565.9608889972419,555.2127297782872,561.392889439504,12064600
2024-11-05,569.682861328125,570.727810156648,563.9504942499769,564.5774756955396,9775400
2024-11-06,569.3047485351562,570.2502016811582,552.5057499508582,560.0493909181008,18305400
2024-11-07,588.8605346679688,591.9456339468819,572.4496773656942,574.1216080144851,14653700
2024-11-08,586.5118408203125,590.2537459189086,581.7149642470737,588.70123463837,9415700
2024-11-11,580.3713989257812,584.1830360838699,573.7433864354757,583.5460928122134,10209100
2024-11-12,582.0134887695312,596.78223842264,577.5947936518803,585.7156075410013,16287700
2024-11-13,577.2166137695312,582.8295623160514,572.409775650482,579.8140739533536,10757600
2024-11-14,574.3902587890625,577.9730193106801,570.2602105353902,574.2310533344881,11053700
2024-11-15,551.4210815429688,569.822341466235,548.8534455153184,568.4787834407424,17712900
2024-11-18,551.7394409179688,557.2130462415905,547.4501271758751,554.3667253091998,14327300
2024-11-19,558.3973388671875,558.7356731812587,547.957629670582,549.2115926112795,9522400
2024-11-20,562.8060913085938,563.6320644076252,551.5404086524625,560.2284939812367,9797300
2024-11-21,560.3878173828125,567.2646302971915,546.4151549825543,566.7869532039366,11154700
2024-11-22,556.4567260742188,561.1242213982047,551.9285734744715,560.8455359497274,9164000
2024-11-25,562.3980712890625,569.842216719163,553.7199469729902,559.4025063006017,13599800
2024-11-26,570.78759765625,574.7286157457173,562.4876547795837,563.2838034841143,10356600
2024-11-27,566.4684448242188,572.2206752566353,561.3928830685265,572.131141178584,7200200
2024-11-29,571.5638427734375,575.6839894711363,564.1794683979023,566.2693661906345,7130500
2024-12-02,589.9850463867188,591.6470151067747,572.8078668096863,574.7285975175146,12522400
2024-12-03,610.705078125,611.2524264908596,588.4125528817166,592.144556388366,14907200
2024-12-04,610.83447265625,614.8152764849832,602.1960748947224,610.0184005822902,14697000
2024-12-05,606.0078125,616.9252004045749,604.1368295295009,614.1187259488262,8081200
2024-12-06,620.776611328125,626.7676806622193,605.609756240286,607.1721685184903,16935500
2024-12-09,610.6254272460938,623.3938718792108,603.2609162440416,620.9257323273526,11426000
2024-12-10,616.3479614257812,622.5878918502519,609.7995210855536,614.5963977457716,10938900
2024-12-11,629.6437377929688,635.3363188855899,618.5472835041938,620.3784192599069,10837200
2024-12-12,627.7628173828125,633.6046423977135,624.2000415346207,628.4694319605399,7474700
2024-12-13,617.373046875,628.0515971725233,613.9296895603886,624.2100743343924,8453300
2024-12-16,621.7454223632812,628.6278428855253,616.1080674222911,627.4624746323816,10885600
2024-12-17,616.964599609375,629.842921517428,614.0761642573996,623.6676857660912,12897800
2024-12-18,594.803466796875,624.8528821501137,593.9369484196685,618.5183130507961,17075500
2024-12-19,593.1900024414062,609.0762755305054,592.6222729689903,607.9507863504745,14958100
2024-12-20,582.9112548828125,600.699869104885,577.6822346553289,588.2199724400746,48989400
2024-12-23,597.452880859375,598.6879766892466,583.907252912156,587.2438414694396,10205800
2024-12-24,605.3213500976562,605.5603812991077,596.8852265249648,600.311421467438,4726100
2024-12-26,600.9389038085938,603.8771273499036,596.5465535400348,603.0603968908488,6081400
2024-12-27,597.4130249023438,599.4448507288726,587.4430173370732,597.0145990738104,8084200
2024-12-30,588.8772583007812,594.5544919388965,583.239903719799,586.3972186440706,7025900
2024-12-31,583.1702880859375,591.5964426773724,581.5168874699713,589.9032845791338,6019500
2025-01-02,596.8453369140625,602.4926617179121,585.470989976871,587.3633608157467,12682300
2025-01-03,602.2137451171875,607.0642784591316,594.026562777383,602.3432304664586,11436800
2025-01-06,627.681640625,628.4684617844035,603.1998488847688,609.385054699766,14560800
2025-01-07,615.4208984375,629.5740757337761,605.7994661876476,629.1757106264704,12071500
2025-01-08,608.2794189453125,613.976592361968,600.3811160103171,610.9487626580363,10085800
2025-01-10,613.3988647460938,627.3927055003096,594.9529163376031,607.592206559942,19256600
2025-01-13,605.8990478515625,606.5364441234269,596.0585248079975,604.6739217603003,10785000
2025-01-14,591.8751831054688,603.0702546714332,586.1979500070421,602.6519501500198,13598000
2025-01-15,614.6538696289062,619.972556750708,604.0763139738187,607.7715100133968,15524300
2025-01-16,608.8570556640625,613.7872861859956,607.2734438085199,609.056268564278,8355300
2025-01-17,610.3212890625,622.4724872092602,601.2576176946507,621.5561807031561,17280600
2025-01-21,613.9965209960938,619.0163582351468,606.5762805693779,615.3610413311562,11674000
2025-01-22,621.0084228515625,631.1676746458771,616.9546797410454,620.8092099161343,12274000
2025-01-23,633.9066772460938,634.0560413523201,618.6678301446317,624.8529752907019,9910200
2025-01-24,644.902587890625,649.394575431947,631.6657172793263,633.8569381276853,19065300
2025-01-27,657.2429809570312,661.2170263231972,622.601940216737,624.1059156551349,28399200
2025-01-28,671.6353759765625,679.8524087518784,656.83471073991,663.338645861873,20950100
2025-01-29,673.7865600585938,678.3283346794067,663.0097923014414,672.3025242132258,21377800
2025-01-30,684.254638671875,707.9495481611209,673.3981724899843,694.0354036840853,29322900
2025-01-31,686.4259033203125,702.4814799874082,682.8403138955325,688.2386375622425,19303900
2025-02-03,694.6727905273438,701.1866331034283,672.551525572571,673.2088612929582,21415700
2025-02-04,701.3759155273438,704.8818683424153,688.846170752285,699.6926666804768,13826300
2025-02-05,702.05322265625,715.270213081664,696.2166547369433,700.7384902909668,17778200
2025-02-06,709.1446533203125,716.0270728205824,700.6885917688477,703.0590854003201,13080700
2025-02-07,711.6646118164062,722.1126813232647,708.9056620031818,713.9354687323457,16427100
2025-02-10,714.533203125,718.3180056858356,708.4874523182466,715.6885408700438,12904300
2025-02-11,716.9235229492188,720.7680830266086,707.2025161364162,710.4694377796111,12998000
2025-02-12,722.4812622070312,724.1943596127884,709.7523040950127,712.4415265910553,12016500
2025-02-13,725.6486206054688,726.086864766196,715.170639811608,718.6367748250889,12569100
2025-02-14,733.7261352539062,737.9491818288359,722.7203049282167,723.2382463806609,16901200
2025-02-18,713.5072631835938,734.0548271850589,703.6169523863489,733.058823348987,21938700
2025-02-19,700.9576416015625,704.1747145500551,692.6111245629734,701.2862790989086,17535500
2025-02-20,692.0633544921875,702.810214344655,690.8681376921594,694.493606362119,12587400
2025-02-21,680.8184814453125,701.0572888134465,679.6332343243371,693.7964419712561,15660400
2025-02-24,665.4600219726562,684.5235492434307,659.8027276987779,683.5375152106747,15677000
2025-02-25,654.87255859375,665.330599453422,639.2950431423949,663.3086823740839,20579700
2025-02-26,671.0078125,680.2806060030118,655.3705397430182,657.0139704281752,14488700
2025-02-27,655.6094360351562,685.8979412219285,654.9421306079604,679.7227064036739,12500000
2025-02-28,665.52978515625,666.9540633677159,640.0320501051021,655.4103519906419,17534200
2025-03-03,652.432373046875,678.5276886054382,648.2392353381908,670.9879314349012,10843800
2025-03-04,637.4424438476562,647.1534810781478,621.1578057314852,642.9304346142569,21495200
2025-03-05,653.8466186523438,656.8645394995948,635.1117886533837,638.4384682626843,13770000
2025-03-06,625.4207153320312,647.9602882252848,621.6159731774069,645.4105206986194,13446500
2025-03-07,623.1597900390625,632.2533107532521,598.2099038331546,622.8709707851677,21375700
2025-03-10,595.6002807617188,607.6718415110856,584.5247237757733,605.6400157185544,21999900
2025-03-11,603.2894897460938,612.4726156961103,590.9589577128245,592.6720550865267,17401500
2025-03-12,617.0841064453125,630.7990981033598,606.9148858522937,627.3828123944874,15747000
2025-03-13,588.2797241210938,618.0203842680918,584.1662233882897,617.771383307468,16480300
2025-03-14,605.7102661132812,606.9663570960139,592.9301914090029,600.9252068633762,12364500
2025-03-17,603.0187377929688,611.1931864721827,596.1401729971761,605.5707735579393,15473900
2025-03-18,580.548828125,598.3832042849959,572.8727631895948,598.183814121998,20297700
2025-03-19,582.2435913085938,590.4779127315381,572.9825047893515,582.4629387558325,20537500
2025-03-20,584.1774291992188,608.3021747925519,577.707624061599,580.9475159470894,24336500
2025-03-21,594.3955688476562,595.6815348407195,579.1431664198761,581.6054551261589,25015900
2025-03-24,616.9253540039062,620.6038805487033,610.2960719913144,613.0574159247302,15741300
2025-03-25,624.3621826171875,631.9086473292332,619.2481319746062,624.81079529283,15312500
2025-03-26,609.079833984375,624.8008087872727,604.7234295430264,622.9466079863333,12609800
2025-03-27,600.7059936523438,612.3396829236992,598.233665075804,600.1277804152494,10436500
2025-03-28,574.9463500976562,599.8785796536636,572.1351128923961,598.4430555668358,17602800
2025-03-31,574.5675048828125,576.9002542510486,551.5792239532071,561.7475141060938,21124700
2025-04-01,584.1774291992188,588.0752415879734,568.227192224496,569.0646064376122,12836600
2025-04-02,582.1138916015625,590.8167206530089,571.5767584264657,573.121925548239,13470800
2025-04-03,529.966552734375,550.8414276639292,528.6506508916572,544.5211195346319,34777500
2025-04-04,503.1602478027344,516.3889657610956,492.66299842221946,505.04435388504976,38589800
2025-04-07,514.6444702148438,537.6925624927222,480.4012921169833,483.5913523338717,36606100
2025-04-08,508.86248779296875,545.7274587202911,501.29606629091035,541.5604660254379,28034200
2025-04-09,583.9482421875,586.06164400195,500.54839536763654,507.68613102008703,39216600
2025-04-10,544.591064453125,579.4921961810471,533.6352521175596,573.7002672016247,28173500
2025-04-11,541.8795166015625,545.6976224228102,526.9461235413648,533.8445854574395,17642300
2025-04-14,529.8270263671875,556.0353008675298,526.6370273527008,554.4402405149555,14130900
2025-04-15,519.8980712890625,536.2669873917704,515.8905541802854,530.4551018896253,15558700
2025-04-16,500.7477722167969,511.77337227474317,494.0885548667942,506.92850187672303,18735100
2025-04-17,499.9203796386719,505.72225598652767,496.4611703190648,503.67864377215466,14593500
2025-04-21,483.1526794433594,491.9651828161341,478.3077785405203,489.8019182716785,16166000
2025-04-22,498.7240905761719,505.30357016721007,484.84736943102456,490.3402426542842,17399400
2025-04-23,518.6519775390625,533.6751170758674,514.9136400551463,526.8862986388891,18173900
2025-04-24,531.4918823242188,532.2395497601927,515.8905308220942,517.1166859465856,13910000
2025-04-25,545.5679931640625,548.1499041120835,534.5822462279478,545.09942323875,17098900
2025-04-28,548.0302734375,556.7530605327843,538.9087668679174,553.9119485027396,15179000
2025-04-29,552.7156982421875,554.8390788259818,542.427786062415,544.3019441443117,11835000
2025-04-30,547.2926025390625,547.392267199569,527.8532478040685,536.7255930212515,29244000
2025-05-01,570.430419921875,591.1059077397648,568.7257162038675,590.238618351305,31159000
2025-05-02,595.1632690429688,602.460510920923,576.5313930797772,581.6454434907807,24739300
2025-05-05,597.40625,601.3339987723356,586.2211133050413,589.3812373579714,13887700
2025-05-06,585.4834594726562,594.1763718529379,584.7557492481277,590.6872568767368,10600700
2025-05-07,594.953857421875,601.2043765510581,584.8453792561588,588.5239054125428,13139100
2025-05-08,596.150146484375,609.3987915210697,594.7644549027136,604.4043633227255,14622800
2025-05-09,590.6473388671875,605.0822864134453,589.8697963166327,601.8423939545719,10427300
2025-05-12,637.4412841796875,638.3983203620691,619.0985470240091,628.9577416253547,21965100
2025-05-13,653.98974609375,658.8644917290795,640.8307865245315,643.5323193603671,18570800
2025-05-14,657.309326171875,660.6090293889421,652.2750442210183,659.1536090398383,12348200
2025-05-15,641.8775024414062,655.2657270968772,636.5939979037247,652.2451822041022,14341800
2025-05-16,638.3485107421875,638.448175394899,624.2026405076157,635.9759078924747,18519000
2025-05-19,638.438232421875,641.0002469311114,625.8475073073743,626.2961199602966,9592400
2025-05-20,635.1185913085938,637.3615937967512,630.2936778074568,634.0320152877193,6743500
2025-05-21,633.5235595703125,644.5989922480402,628.2101191307713,629.8250759728282,11464600
2025-05-22,634.5902099609375,641.2494271811771,628.7484497588706,632.078027946325,8228400
2025-05-23,625.1097412109375,630.4829920563529,620.7134837844421,622.0592607315479,8454100
2025-05-27,640.3223876953125,641.080033825353,630.7821431595195,633.4338437693247,9508400
2025-05-28,641.5784301757812,648.8557144048555,640.5516043549418,640.6014366817531,9042900
2025-05-29,643.0438842773438,651.288184072806,637.5111569296643,649.6233948044612,8858800
2025-05-30,645.476318359375,647.3903301879006,630.812104900707,640.5018468251236,16241000
2025-06-02,668.8134765625,671.166122188044,642.256314296396,642.3859148545713,15766300
2025-06-03,664.7760009765625,673.4788911194719,662.9617149147357,669.3617309927172,11585000
2025-06-04,685.8104858398438,686.8572081679845,666.4907528237472,667.238420321753,14031900
2025-06-05,682.49072265625,692.2203773049333,680.1280985848566,689.5088052796527,13083100
2025-06-06,695.5401000976562,700.6242144400436,689.7182360915449,694.0048506531133,11728000
2025-06-09,691.9013671875,702.9967560909232,691.7817452730692,696.2877068677252,12773200
2025-06-10,700.2155151367188,701.0428899746662,689.4092014623567,699.1687320280228,10850100
2025-06-11,691.9811401367188,706.6653082639799,689.8378026054309,701.5213833723484,9582500
2025-06-12,691.20361328125,693.2173504861605,684.8634076906623,691.1438023170118,7322700
2025-06-13,680.7462768554688,692.4099021517203,678.8920760381308,685.810495147385,9274400
2025-06-16,700.4749145507812,705.4931583928874,691.8851025594383,697.6914734952734,13720300
2025-06-17,695.5963134765625,704.3158251974513,694.4290719322615,700.3551564610796,10066100
2025-06-18,694.1397705078125,699.9461410540869,693.2718138640435,696.5440968778995,10068300
2025-06-20,680.7512817382812,700.1756966800983,677.0799110041145,699.1081963012703,22538600
2025-06-23,696.8933715820312,697.4121118139869,677.1596869463602,682.0881149489193,11080100
2025-06-24,710.5313110351562,711.5189816994163,700.4649253469852,703.2384409706419,13823200
2025-06-25,707.01953125,714.9010456370576,703.7272754411318,711.6486741856498,9320400
2025-06-26,724.3888549804688,726.5138085370661,709.3840535476093,712.6862960420309,13964800
2025-06-27,731.9110717773438,733.7068421056694,724.1592578043636,724.8177454897765,18775700
2025-06-30,736.3606567382812,746.1476691378697,732.5296271967599,742.8054817668852,15402100
