Date,Close,High,Low,Open,Volume,rolling_mean_5,rolling_std_5,volatility,price_change_pct,biendong,tangtoida,giamtoida,target
2024-04-04,0.03552617809892186,0.04122652508148575,0.042085256235585095,0.04157895456456728,0.26970011479611894,0.03954545272912091,0.08775916105116222,0.08184538347890935,0.22066029909640258,0.0378085186168429,0.06875990820469093,0.09356743540665628,-1
2024-04-05,0.045092998572697135,0.04048892919829175,0.03980451680867675,0.036210531210436964,0.13700838168923274,0.037590398629324284,0.07704472065193502,0.09281024661978962,0.3441355060233397,0.05607188203262062,0.10373609818992945,0.05847956347347334,1
2024-04-08,0.03751479871290153,0.045177948825436826,0.041759448154691264,0.04768421679679036,0.11583400166690254,0.037790347873759955,0.07537801527006693,0.11356520881790111,0.21321620594364185,0.04421662195612646,0.05246420916909963,0.16491235114864836,-1
2024-04-09,0.03133398853893196,0.03627408122434003,0.04099920167905513,0.040000011243318034,0.08562532433834975,0.03173633850050245,0.03081792292662458,0.05286662454008075,0.2222487230156007,0.035886014279016255,0.04332273425815975,0.08771934521021002,-1
2024-04-10,0.01569387306222561,0.02103738017357948,0.023730669076143962,0.027368424518616846,0.24860436225252003,0.026293283268589485,0.08481469232265892,0.06414474814426441,0.1463128499836362,0.09227813036117022,0.02376786509194721,0.13333333333333333,-1
2024-04-11,0.028807915084829577,0.030267900251230745,0.025305456469177617,0.017105262814466338,0.24175590885502668,0.024904749203047416,0.08510728012193478,0.12139731794069683,0.3806044601310274,0.0772188186150344,0.17090614511858282,0.002339236078578344,1
2024-04-12,0.016661304576455843,0.017149184676182233,0.02612001810173792,0.02457895731516474,0.06549668978314539,0.019028472020680476,0.07122731337756649,0.018013895797947745,0.17289544341899854,0.07145142782829024,0.015500768397572666,0.07660830845970919,-1
2024-04-15,0.0044609364825628495,0.007876499035507939,0.012652738592170254,0.016526312245292385,0.1777138274284097,0.012196882723225472,0.08482168590418546,0.046209279500934126,0.16725939523537658,0.07177190633129606,0.006359293486632793,0.13216371529404375,-1
2024-04-16,0.01058798907101316,0.008087246458700681,0.01069780724615571,0.008947372256883884,0.04015505338805804,0.007909088850836327,0.06615847307324563,0.06187349774652642,0.32430194940119633,0.03556553577601021,0.06518279614236522,0.06900590274524501,1
2024-04-17,0.0,0.0,0.00733099254755451,0.00842106450891869,0.07591483071503828,0.0046654710702457025,0.08833300931054552,0.02604169934464775,0.17837260275705644,0.06215962909563459,0.008147773709037496,0.09941530252127086,-1
2024-04-18,0.013705272950757547,0.008034569651892726,0.0,0.0,0.08615999119372238,0.0015440492028876707,0.04451289901999295,0.1386279878878599,0.3942257714411302,0.08074347101441835,0.13235299468853517,0.08479541165290294,1
2024-04-19,0.00919059938518707,0.01699113415777795,0.015313601256896708,0.009315791695930248,0.10632793948829235,0.0,0.03069412012766451,0.09476838593928094,0.23138929781925868,0.025953258540348755,0.1295708132642281,0.023391914622121687,-1
2024-04-22,0.01542514664216424,0.010352731013071076,0.01715992300422564,0.0109473778383882,0.023438851409790684,0.002266088611957401,0.0366418800411702,0.03211166234196928,0.32406456724678384,0.03620637055528584,0.06717004692865365,0.02163759910410337,1
2024-04-23,0.019617336202154112,0.018202901694165302,0.024284551099728685,0.017210528379530105,0.06040162916135931,0.004132278735043571,0.051185901011619246,0.03908226784441845,0.3053002448194956,0.024030754202521876,0.07909385488141692,0.014502995988988682,0
2024-04-24,0.021390967479080064,0.017728730040971946,0.02769482620993438,0.02031579227817351,0.015387397587708948,0.008553374928702978,0.02533895377427183,0.010965012525936978,0.28457771117884084,0.009612399462397921,0.05206681965884846,0.01228065478978999,0
2024-04-25,0.017628736090686048,0.010721528954668075,0.019006244751554574,0.014947368924043192,0.023391674922551925,0.009364278314483221,0.024148670140052134,0.021538337433953413,0.238862423692332,0.021467537312155838,0.03974562219583404,0.046198908683683766,0
2024-04-26,0.03364507265598066,0.029472361890346105,0.028780901481627208,0.022000001164486527,0.12390904373260365,0.01441854146556254,0.04769201525033626,0.09042143018265311,0.4039676678183807,0.09452099097526667,0.12794122819891734,0.019298139943694146,1
2024-04-29,0.03821348330455879,0.04359738334745253,0.046158022968061097,0.038157893970732576,0.11715494330958783,0.01912844664289834,0.0682466056438844,0.07009729448724353,0.30559892432682295,0.02627361481661856,0.11248018359061816,0.01169595731106126,0
2024-04-30,0.028324199327714406,0.0324016827395911,0.036926434946579156,0.035105272893297845,0.04439307449167333,0.020927985605349392,0.06099407697734132,0.053454006581905585,0.19389930702645636,0.05799426414371171,0.051073118456946086,0.07719300593843834,-1
2024-05-01,0.03606365144155621,0.03738047504913103,0.039370078413934445,0.031947366173445735,0.0322215407840732,0.023960543495996967,0.058487912217134445,0.07283851027246369,0.331758983835805,0.04517793523840836,0.11248018359061816,0.015789508907657922,1
2024-05-02,0.04584544074987365,0.04759621822732882,0.045452091649349186,0.04110526956045715,0.09252095422308186,0.02979238657127381,0.040891711949426986,0.10491073495953934,0.3456390741693478,0.05735342936443563,0.12038946294649872,0.052046775798298334,1
2024-05-03,0.0401483463330192,0.04264904004106582,0.04827587906968542,0.050736837874225005,0.0,0.031136486529725838,0.04046296480664608,0.04777573120250488,0.22740026632986407,0.03300231888564417,0.010333946676726267,0.12865486117617622,-1
2024-05-06,0.04890896704409878,0.04881325143459889,0.05104535133309743,0.04310527514196147,0.07299775125410828,0.03334703462655553,0.057723865384211905,0.07362158673819222,0.33662156253871,0.05126568230142188,0.11446728275939029,0.014035193389639189,1
2024-05-07,0.054982282549541434,0.05123680660535404,0.054575090787308406,0.047000000662552666,0.3973361010205847,0.03885674101910358,0.05038514241272143,0.06618116523331705,0.31457786356619705,0.03524517949974063,0.10333870867967829,0.019298139943694146,1
2024-05-08,0.06573150337208908,0.0766839650654492,0.06706490462386885,0.08526316019834901,0.9687691654479407,0.044988507961033875,0.07366656174281896,0.1652569198892758,0.3472001604991445,0.0631208201511798,0.006359293486632793,0.3099416417930425,1
2024-05-09,0.058798251020943076,0.0560838767509034,0.059190884798049376,0.06547369574549433,0.21392964413203125,0.04766560146990029,0.07335080756866055,0.06892238101853718,0.2219076757162064,0.04037173550720917,0.00039738951025116353,0.17485399294169088,-1
2024-05-10,0.07717940878629401,0.07452385422267513,0.07075754811852672,0.06231578902564222,0.2565221493607586,0.055319200561173176,0.08437021542441031,0.12257208202434677,0.40024152946300057,0.10861898943912128,0.1633545314836805,0.015204588347097482,1
2024-05-13,0.10222509248272946,0.1085587792470585,0.09904969604848743,0.09310527413809377,0.5496925665581607,0.06633860487132992,0.16436696353849067,0.17152257731050133,0.43616573810108095,0.14834989016705413,0.18759923366442557,0.05263169635885836,1
2024-05-14,0.12452973389052055,0.12589236289403924,0.12028238578518904,0.12510526305539454,0.5099542388073783,0.08071270799233266,0.24573746276233926,0.14724317347638446,0.40610334691527816,0.132009031089104,0.07670906296736099,0.1795322420170167,1
2024-05-15,0.10996454459657126,0.10708358748067051,0.10263372994445982,0.11278947302588466,0.2916529068578887,0.0898548157713655,0.236543394524873,0.1347118586339334,0.18680533027033988,0.08586990479515043,0.02782196586058709,0.2327486358546042,-1
2024-05-16,0.09249706075993133,0.10460735550310743,0.10285094914183093,0.10894737024914852,0.1597002720510764,0.09681970315262106,0.15313333466784265,0.11473997290155075,0.16573034482395899,0.10317207715538293,0.03815576091979676,0.18771934521021003,-1
2024-05-20,0.11851017597059713,0.1127209504142023,0.10817269518644665,0.12157895697384974,0.37638187793870204,0.10536196743581672,0.10289963092735463,0.1366698485683683,0.43385804029970837,0.15411728095379876,0.003974501572576879,0.2707604413450942,1
2024-05-21,0.10824467090516457,0.115144485486977,0.1166983518892167,0.11547369474162666,0.11838939472566871,0.10660609700952062,0.09706145345162626,0.09320178485265404,0.21025083648095805,0.060237124757807715,0.06836236707692345,0.11111125983233171,-1
2024-05-22,0.09416317686581874,0.1045546786962995,0.10051589455799834,0.10631579135461522,0.16385966567596044,0.10032992133828239,0.08656476728077975,0.13118741699792802,0.18546143457281666,0.08298633162851503,0.05763118250746262,0.18362579361361336,-1
2024-05-23,0.08056541908609974,0.08774794350932005,0.08558241653891976,0.09515790246345313,0.16521992105801137,0.09425369491147984,0.12274229590636629,0.11395674705076553,0.18459420820411815,0.08010251400840603,0.01510322726980519,0.22046798106481422,-1
2024-05-24,0.08357520829731727,0.08110956046259363,0.08612544381718476,0.07978947127915492,0.06537874856504851,0.09240972184193874,0.1367226137029103,0.060698733662876765,0.28960796605464434,0.01698181608396292,0.08108110566770535,0.04385967260510501,0
2024-05-28,0.10383749200812095,0.09836411885037219,0.08967146538937529,0.085894733511378,0.18466449654825368,0.08937716395129114,0.09692820871646735,0.1633773571094592,0.40147642260667094,0.11983341473633981,0.16514316332360152,0.07350880950150177,1
2024-05-29,0.09926906085703122,0.09496589201881664,0.10562584877790279,0.0981579007970328,0.010355238948907858,0.08752208023624264,0.07583983903465874,0.023065650250742815,0.24209117732309055,0.026273737043354797,0.04689984632048547,0.0379533580508002,0
2024-05-30,0.09206708208582384,0.09949686112755743,0.09997284656457053,0.09578947577648211,0.05264109701058324,0.08708885828578866,0.07530073054076208,0.09750960172450107,0.22544111822115076,0.04197376134203001,0.09896666597933393,0.07251475686311253,-1
2024-05-31,0.08099539776020723,0.08911778166209214,0.08742873828624873,0.09163157630455465,0.06671541570348004,0.0871777264999688,0.07411020692570974,0.11082399303268095,0.19995223158718367,0.06504320226227021,0.05206681965884846,0.16140349703078083,-1
2024-06-03,0.08937977688018692,0.09501856882562457,0.09486831971732593,0.09868420854499799,0.10888333254705855,0.08837741772911295,0.06487119802841237,0.10103389397545004,0.3248006335096898,0.04902269946058896,0.04332273425815975,0.15964918151276253,1
2024-06-04,0.08239278744603332,0.07794842950662492,0.09017107368636149,0.08631579577163306,0.008075042065701116,0.08394521512741587,0.050999587864420805,0.00802795293175642,0.22534611181746084,0.040692091783478754,0.00794915476267007,0.07280699406156167,-1
2024-06-05,0.11232936579662758,0.1034482848715085,0.09351615817916045,0.08415790188120992,0.14480822757937445,0.08664452568982728,0.10121443228236046,0.17344157774521182,0.4651047496631243,0.177507200377045,0.21661367129079878,0.01280712791066019,1
2024-06-06,0.13054929181044397,0.1209925958437015,0.11420039326493717,0.10626316861076018,0.17195043323740783,0.09459804864775373,0.18991644875888067,0.15468359498125964,0.3776684391453709,0.10765779838357585,0.1820348708158114,0.03567256941191168,1
2024-06-07,0.11087821852528221,0.1222043633800888,0.11870757767699255,0.12015790196151932,0.17500117941218096,0.10077424545930441,0.16774628428639218,0.13118741699792802,0.15967166260156002,0.1163088845636921,0.08624792738855203,0.14152065960835755,-1
2024-06-10,0.10996454459657126,0.10945444574663729,0.11354873567282378,0.11163157188753686,0.021111478039345183,0.10502871587011087,0.1470246597368981,0.07362173612324865,0.2644235447215872,0.004485721228192917,0.054451611572904374,0.10233923607857835,0
2024-06-11,0.12028378674501142,0.11297910897332022,0.11482487256342563,0.11221052245671076,0.06571684672359294,0.11286004715227438,0.06321855845974733,0.09061727399161351,0.33136778389134747,0.0605574810340773,0.0766693391780875,0.09502929064439418,1
2024-06-12,0.143824586087094,0.15270933940892603,0.1330437132608819,0.12671052778724817,0.4432545485996446,0.11936949552953091,0.11795472827156817,0.2545425754880039,0.40580446200683906,0.13937844771066876,0.2668917074922099,0.05994164179304294,1
2024-06-13,0.13323659701608084,0.14982218412270396,0.14276405483403035,0.14752632648013614,0.13258165463666244,0.11992490915574777,0.12184381251640697,0.1629856694915381,0.21277024018674437,0.06215962909563459,0.08791723624313628,0.18654995025275173,-1
2024-06-14,0.11700527111373246,0.1282105443531981,0.12359490604202886,0.13021053253554227,0.09958956456102279,0.12119125154552701,0.11084561839898757,0.1405859778222945,0.17964931352741914,0.09580266053381815,0.05564393172117418,0.20058492056056004,-1
2024-06-17,0.11383425015098045,0.10813730449865358,0.11267987959850204,0.11684210693274838,0.07145665267097544,0.12199104428579988,0.10112310214891446,0.07009729448724353,0.2513582926497214,0.017943007139508128,0.005166973338362992,0.16959082330580547,0
2024-06-18,0.11308180797380404,0.11081899813054621,0.10942167449858645,0.11742105750192228,0.0805774402038024,0.12050253559803997,0.11222338416815836,0.11352606993312059,0.26542268022195914,0.0035245301726474815,0.021025407456913617,0.2111112598323317,0
2024-06-20,0.09808664000574727,0.102710668890334,0.0983980591715369,0.11157894914368183,0.17170668805334088,0.11104939330684627,0.10079719562133069,0.13275371931444183,0.18132894175030004,0.08843324391225292,0.003974501572576597,0.26491235114864836,-1
2024-06-21,0.09744169249709769,0.08980270073847821,0.09285909392955002,0.09263158913398362,0.2556729725904609,0.10365128397513673,0.06970440142078435,0.0767544901413332,0.26586197679440776,0.0028836953933720835,0.04968202774479255,0.11403519338963919,0
2024-06-24,0.09303451360005408,0.09633571007360828,0.10100462739450197,0.09747368466279516,0.047247251969618334,0.09869699544627525,0.07263268890316815,0.06657270346618147,0.24251490639616333,0.02531242376107313,0.062400614718058134,0.08011693949574583,0
2024-06-25,0.11937011281630047,0.11045546585983193,0.10355688046054287,0.09347369357714014,0.1282178295670771,0.09984115039776131,0.08938888036173959,0.15311729266474558,0.4355972187153454,0.15603978529162565,0.19912550048942135,0.008187326275024205,1
2024-06-26,0.13135549157313967,0.12262585822647423,0.12478959091240724,0.11421052803821508,0.20758440659841804,0.1036179647510237,0.14127850536003828,0.09046056906743391,0.3392627028519215,0.0704902367727448,0.13434024547482362,0.009941418711211647,1
2024-06-27,0.13119425982160518,0.12694605981404186,0.13402117893388923,0.12649473639047049,0.04061109276469939,0.11046066469398613,0.1574449495930911,0.05599937855816504,0.2689535255349255,0.0,0.07416522427869483,0.04701761900300227,0
2024-06-28,0.13286037592749264,0.13284686707555474,0.137496603231176,0.1329999997389944,0.057681118397257466,0.11778101645702288,0.14322925363192082,0.07479650020689829,0.2791692357853031,0.008971442456385832,0.06955483884270956,0.08187147809559503,0
2024-07-01,0.14737180763592264,0.13743053308908396,0.1349443501651351,0.13368419579587842,0.1903414005126512,0.12901147641965288,0.07555794074164524,0.12727143712905822,0.3505897713260875,0.08554942629214438,0.09896681759685025,0.1169589038651158,1
2024-07-02,0.1845641428457552,0.17341480143506818,0.15367908127755717,0.14310525305687244,0.38537686150555894,0.14248581217816497,0.20254008280615932,0.2596333194405231,0.468386444484838,0.22076275350436275,0.29928448661702506,0.019882837422423295,1
2024-07-03,0.18515535327139718,0.1757962111407809,0.17827858571285995,0.17436842317343415,0.12028431696309226,0.15360519534800915,0.24188271048949112,0.099937407661362,0.2727132828270134,0.0025633391171025026,0.08116055324625232,0.10233923607857835,0
2024-07-05,0.18166184830306456,0.18753455722129184,0.1858810918995469,0.18410525705226582,0.1099919799971694,0.16403586257036634,0.21848818938904374,0.13236203169652128,0.2529869675323072,0.019865511477335004,0.09618433293751054,0.12865486117617664,0
2024-07-08,0.18080189095484953,0.17655486970750586,0.182188448404889,0.17873685377548915,0.07884763567171453,0.17394443962808936,0.13552756385303266,0.07738086168288241,0.2656654186160443,0.004165487178659799,0.053894872053010336,0.10877202375375336,0
2024-07-09,0.16887024928101793,0.19037958714045192,0.17295681895308138,0.1825263338083702,0.13300624302181124,0.17838774863782408,0.04259524358307592,0.24671061575026404,0.21160460418337734,0.07016988049647521,0.12957051002919548,0.25029290644394175,-1
2024-07-10,0.16247449077501794,0.16688179209993811,0.16437688852371282,0.17068422878297046,0.0760956739161202,0.17382224795232643,0.0725268936002704,0.13392848339809174,0.23764864139545272,0.03716743938409458,0.041732721364606165,0.2111112598323317,0
2024-07-11,0.16725789076064976,0.16483232063964318,0.168221581313498,0.16684210592888066,0.0772121841141042,0.17012319116773683,0.061889641922749976,0.09096952395464072,0.29435433241543857,0.027555284375169586,0.05528611438268019,0.127017440537538,0
2024-07-12,0.1863914907031771,0.19032693043162444,0.17404291493993704,0.16815789537614734,0.18275384881508389,0.17110071609890037,0.07607498260634357,0.2384869683946036,0.36661298806776954,0.11310471066731397,0.2376789541545019,0.07894732145645666,1
2024-07-15,0.1817156058885838,0.19743948513154422,0.19104534056121272,0.1888947499145759,0.1253715148370052,0.171289563172768,0.0778545714468023,0.16874237202555678,0.24734844819633267,0.026914327369157498,0.13473763498507477,0.12625762382157024,0
2024-07-16,0.1680640905233455,0.15850479305682305,0.15976105308264624,0.16773683311589227,0.2674120551650391,0.17112294586485444,0.0787818865233601,0.10495017261443268,0.20336348728016007,0.0804229925114123,0.0007950822555349491,0.22807038677927838,-1
2024-07-17,0.13995486003017313,0.15376307652488955,0.14357861646659068,0.15621054486303743,0.1675315689327106,0.1664685769651767,0.1556146265039625,0.18640356970530808,0.12800900440776827,0.16661337580956878,0.05206666804133215,0.27426929546296175,-1
2024-07-18,0.14377082850157477,0.1376939372211041,0.1443823026386685,0.14705262139867237,0.06886194587284362,0.16161425882106328,0.1872642127072833,0.06116854966530278,0.29065512912304475,0.02178789358842542,0.0,0.16385962798873885,0
2024-07-19,0.13721379723901697,0.1457548352274106,0.14743416400169554,0.14184210643081452,0.063609630293595,0.1514501877663072,0.17111260401824147,0.09907575465595875,0.23449744790381738,0.038128874893112716,0.10015883451008742,0.07309945434184167,0
2024-07-22,0.15564871258988713,0.15729300542245525,0.15310887570566725,0.14805263422810133,0.19314840150335738,0.14606266881205232,0.10351403748318444,0.1439145756493395,0.3711342968210882,0.1089394679421271,0.14030199783368894,0.08099432033658586,1
2024-07-23,0.15409007065001493,0.16229816628236984,0.161064368266873,0.15263159596028386,0.10207419288893081,0.1431745111757733,0.05949706720915995,0.12374699549305285,0.26172256153259343,0.00833072990384667,0.14348172038576348,0.04619890868368335,0
2024-07-24,0.12780824952179945,0.13537579595790625,0.1348411679391094,0.14139474283730874,0.13215706625151358,0.1406640434497598,0.09243972009489246,0.11274299346739147,0.1321476340646165,0.15571918456188313,0.025238555000163747,0.20374286695845772,-1
2024-07-25,0.12302484953616757,0.1251547670108453,0.12153136509732879,0.1268421147629163,0.11449733452847101,0.1363762538148403,0.124032305770127,0.1327538686994985,0.24284435288267725,0.027555284375169586,0.05802857201771378,0.18538033221346256,0
2024-07-26,0.12463722855904738,0.12494401958765258,0.12967689856228073,0.1268421147629163,0.06730512179396454,0.1337769221121164,0.13860687339654512,0.07244682265454258,0.27908959083273444,0.00865108618011625,0.0564387107416765,0.09766098700325254,0
2024-07-29,0.11184565003951244,0.11788414169454073,0.11604671501226613,0.12721053420196266,0.0797754399207435,0.12472368254726374,0.1313060593362512,0.11826441453755615,0.19694166360606802,0.07529643650394376,0.00039738951025116353,0.24853814476226171,-1
2024-07-30,0.10356874508554795,0.1052922745794935,0.10866142802295028,0.1118947458388731,0.080428047994213,0.1142819089168689,0.07736672219841026,0.07792925422498284,0.22080354344945394,0.048381986908050026,0.021065131246186822,0.1578948659947442,-1
2024-07-31,0.11652155535661737,0.10887490038184758,0.11925062567042041,0.10831579693611953,0.036467424635561616,0.11194916914427633,0.06222864978437125,0.028195533088043075,0.3486388103098522,0.07625762755948896,0.07511920169132372,0.0040935515965966635,1
2024-08-01,0.10862089199375283,0.12662995877723324,0.1186532832352312,0.1347368514465161,0.10473966441792078,0.10897215176875652,0.05650748168938972,0.16447369403849055,0.22370266658041285,0.046139004067216646,0.009538864421191035,0.3040937746784276,-1
2024-08-02,0.09894659735396225,0.09064567033326856,0.09101277218222106,0.09178948469082715,0.1624365083109245,0.10366239885811379,0.04530613885550112,0.09633468825579503,0.211942965029759,0.05671259458516001,0.062400614718058134,0.12456153266141086,-1
2024-08-05,0.09480814487698,0.097600174514784,0.08368177963466658,0.07605263406748253,0.1486531112893334,0.10014107850188442,0.06095587961380743,0.20089302386725047,0.2443067714998189,0.023710397926252295,0.2337043009644087,0.028655084258007522,0
2024-08-06,0.0816403452688568,0.09428097294243057,0.0922617514943608,0.10157894131351386,0.4175119120630278,0.09560890551543927,0.10883865401591133,0.11434843466868636,0.1874645252388428,0.07753929711804022,0.015898309525340423,0.21988306050425377,-1
2024-08-07,0.0619155143981758,0.07710545991183457,0.0639696035644001,0.08421052462506495,0.5176754572187887,0.08432290080021182,0.15521045693499846,0.19071123719209873,0.140875266804324,0.11662936306669837,0.017488170801377417,0.331579017815315,-1
2024-08-08,0.08475760864608953,0.09028740373343705,0.07825142399136528,0.06921053295716673,0.35107169253510717,0.07939082508742562,0.11952814402982834,0.18569877100914087,0.43003128704513477,0.13521308275874544,0.23020663648062997,0.011111259832331697,1
2024-08-12,0.07169730370649327,0.06514581496838498,0.07303828754543515,0.0721052657256826,0.17374313975248068,0.0737589270191148,0.10153423192819105,0.0364193298287599,0.18535568207715994,0.07689846233876436,0.018680490949647216,0.09941530252127086,-1
2024-08-13,0.08250028211456015,0.07420773308788606,0.08248711547945106,0.07499999849419847,0.21854507713355664,0.07121513159404891,0.0717464927723753,0.03563595459291797,0.34298312923608887,0.06344129865418584,0.06518279614236493,0.02982447921546582,1
2024-08-14,0.08481136623160887,0.07599904598906318,0.0860711493754234,0.07842105908803321,0.2111698196285638,0.0718705198424836,0.07682435823660536,0.023104639750467483,0.2849221584262297,0.012816451132039585,0.05286159867935107,0.02923978173673667,0
2024-08-15,0.08803612427736848,0.08558783266654593,0.09139289542003912,0.08657894964561563,0.287265493544684,0.07726914096730642,0.03939636548787985,0.05599937855816504,0.290714548760696,0.01826336341577771,0.06359293486632765,0.06257311507007,0
2024-08-16,0.0846501139775627,0.07657859135385284,0.08987240246876685,0.08457894406411132,0.14289757984620466,0.07724692391376142,0.03929727031877428,0.0,0.24818792720815286,0.01922467669805938,0.010731336186977148,0.056725024873624144,0
2024-08-19,0.0816403452688568,0.07531414701065756,0.08221560184031854,0.08415790188120992,0.25939991508232296,0.07930195687324554,0.0020906614429540525,0.045817741268069985,0.25037451501836017,0.01698169385722646,0.004372042700344354,0.1345029513726225,0
2024-08-20,0.08518758732019707,0.07615711660544791,0.08167255384689073,0.07736842351474915,0.23729773081096384,0.07985737049946234,0.0,0.05599952794322172,0.2930496542128506,0.020185867753604585,0.06200322520780697,0.06491235114864835,0
2024-08-21,0.09523810304857586,0.08695767081931813,0.09188162825654275,0.08463158688532002,0.23518265163309277,0.08201237384369464,0.028392612210815064,0.06265672359731167,0.3347857382380207,0.05895545519925646,0.08863271930260795,0.03567256941191168,1
2024-08-22,0.0927657871799927,0.08874898372049514,0.097474887940291,0.09315789688194887,0.21628060574609614,0.08298990301232778,0.034705932278506546,0.03563610397797467,0.2544071476481132,0.013777642187584793,0.0377583714095456,0.07017552078453419,0
2024-08-23,0.1077071975625302,0.10049788124075207,0.10198209306750924,0.0932105196258039,0.3222468588322247,0.087755352942261,0.0772146839854303,0.09046056906743391,0.3639713697805682,0.08811276540924688,0.12599370120190237,0.022222073501001638,1
2024-08-26,0.10260131357131777,0.10207844671873642,0.1094759689403478,0.10784211193200943,0.1075152144171345,0.09208757668427053,0.0636658758157165,0.04816741882042571,0.2392022841698756,0.029477788712996462,0.027424424732819613,0.10409377467842755,0
2024-08-27,0.10657853429676548,0.10360633538991279,0.10420853805265626,0.09957895580936321,0.198770266232643,0.09650866864046026,0.043556605477991346,0.09750945233944466,0.29412032836310625,0.022749206870707087,0.10135130627587353,0.06900590274524501,0
2024-08-28,0.0912071452401205,0.0912778925048662,0.09595439498901873,0.10042106025251973,0.22367945149470836,0.095675548201135,0.05364780369930502,0.0653979393825318,0.17724680761440226,0.09067610452634939,0.0019872507862884396,0.1672515872272267,-1
2024-08-29,0.10523488169394704,0.10371170910150915,0.10724952395520074,0.0988684182645212,0.30285732257709425,0.09825266708778357,0.04336574813692808,0.07636295190846906,0.3586725280234031,0.08266585312550875,0.1075119808161389,0.028362623977727926,1
2024-08-30,0.11211437645957387,0.10434393127310679,0.11471626296474005,0.10631579135461522,0.23306757245522164,0.09916354509578162,0.05359380472612909,0.0272166128133541,0.31147761606793695,0.04005125700420335,0.05604132123142534,0.03070186005630627,1
2024-09-03,0.0986778504313893,0.10257896682432396,0.10936738005682503,0.10760525939127752,0.14370744287713672,0.09835264171000135,0.05667064769773452,0.05267078073112034,0.19029269548264566,0.07914132295286105,0.03298893919895008,0.10263147327702749,-1
2024-09-04,0.09582931347421783,0.09591423532520335,0.10160196982969119,0.09431579802029666,0.12453020081458067,0.09613098720513402,0.058244472860569836,0.059132281961306286,0.25225446589301337,0.016020502801681477,0.0830683564539938,0.03859650296921917,0
2024-09-05,0.10501989235689332,0.09989198742356811,0.10333968197833457,0.09473684020319806,0.11882970860656382,0.098985812904891,0.0401456810045297,0.07616695871445167,0.32716760478181656,0.053828899191787925,0.10989662111267823,0.02456130957957998,1
2024-09-06,0.09502311371152208,0.10434393127310679,0.10019006576194164,0.10757895805802681,0.1483071503829158,0.09687523943027915,0.04838620958077244,0.13197064284871327,0.2093296156176575,0.05863509892298711,0.046502305192717995,0.20116984112112005,-1
2024-09-09,0.09830162934280104,0.09428097294243057,0.09720880167381837,0.09652631465457484,0.2635828969508264,0.09402041373052211,0.016314288298199156,0.07867334119098701,0.2903535005590922,0.01858384191878398,0.0540540704451369,0.11046789183208143,0
2024-09-10,0.09513060838004897,0.09096177137007713,0.09845235361329827,0.09852632023607916,0.11222500039313739,0.09328726791341468,0.019120464957514856,0.04503451541728474,0.2502380910436088,0.017943007139508128,0.01391090712153539,0.11929836302552503,0
2024-09-11,0.11125443961387046,0.10218382043033272,0.10040728495931275,0.09315789688194887,0.17912912204557246,0.09647534094140786,0.04696591893035124,0.11434843466868636,0.37063371182401106,0.0951618257545423,0.13910967768541913,0.03859650296921917,1
2024-09-12,0.10996454459657126,0.11619293683407736,0.11963074890823847,0.11157894914368183,0.2826893742825243,0.0974973042171311,0.05671005402323582,0.07984810527463723,0.26219622034588164,0.0067285818422893745,0.10568362518694469,0.03625726689064083,0
2024-09-13,0.10706225005388062,0.10350096167831643,0.1123540715176082,0.10963158638338621,0.19953295277633626,0.09998555912706919,0.048581310973322155,0.03798563214527397,0.2525538394478633,0.016340981304687294,0.024642243308512536,0.09298251484609585,0
2024-09-16,0.10738473405946122,0.102710668890334,0.10790118154731418,0.10421052020804711,0.11758739444260981,0.10186285989566274,0.04069364078800327,0.06422302591382545,0.2717944007044764,0.00096131328228167,0.05961843329375106,0.08070163697447456,0
2024-09-17,0.122111155104945,0.11261557670260594,0.11925062567042041,0.11878946969304399,0.20726989668349294,0.10743921321137617,0.03819901487042404,0.055999378558165315,0.35835146671033763,0.08683109585069564,0.024244853798261374,0.12046775798298333,1
2024-09-18,0.13162421799320104,0.12373223195328473,0.13136031626916275,0.12168420246155986,0.27520403830730766,0.11164924951509253,0.08436642667634914,0.05130002345345385,0.3244913701284895,0.0557514035296148,0.08624792738855203,0.022222073501001638,1
2024-09-19,0.1364613550618405,0.14006481558505132,0.1441759589017799,0.1378420952678059,0.3080152851818654,0.11712562397111853,0.11070385648217965,0.08027893177733858,0.29686344753707,0.027875640651439167,0.08744055077185446,0.0637425100275283,0
2024-09-20,0.1451144811043932,0.1387476743370676,0.14564213669612794,0.13694736808079433,0.576339419100187,0.12499027871486473,0.11975106976720859,0.05991565719714794,0.31749709895060135,0.05062484752214626,0.0842608282197799,0.038011805490490026,1
2024-09-23,0.13882619676440847,0.13885302795068352,0.1489546569529678,0.14315789587808114,0.1932113034863424,0.13148861644661397,0.062294716352698655,0.03681086806162432,0.2360747033452723,0.03652672683155542,0.03815576091979676,0.07134513882382336,0
2024-09-24,0.14936042824990234,0.14053896714026423,0.14254683563665918,0.1393684158452001,0.25605824723624415,0.1371205102774552,0.0467375898280964,0.09555146240501006,0.3274615220881918,0.06183915059262855,0.07949124439166808,0.0982456844819821,1
2024-09-25,0.15430505998706864,0.15018045072253547,0.1574803136557378,0.14821052253702016,0.24632416536931329,0.14180819840124592,0.049986040750197434,0.059523969579227114,0.29610299528334993,0.028516475430714793,0.08545314836804971,0.03567256941191168,0
2024-09-26,0.14699558654733438,0.14960090535774576,0.15400488935845105,0.15894736924528086,0.24547498859901556,0.14398541879902316,0.033560400744502505,0.08027893177733858,0.23157817315654872,0.04261459612130563,0.0,0.19239781736736672,-1
2024-09-27,0.1500053962610636,0.14617633007379596,0.15623135505876087,0.14626313969937094,0.214967526851284,0.14499627566670875,0.03387760126048017,0.03876870861100281,0.2859377084373437,0.016981938310699385,0.06995237997047704,0.027485020055056597,0
2024-09-30,0.14377082850157477,0.14333130015463588,0.15188705397198957,0.14810527704931004,0.18634712459310282,0.14601823470496228,0.015939391553511116,0.04895049528615455,0.23681760167276905,0.0362064927820223,0.034578497239954736,0.09473705344594505,0
2024-10-01,0.14403957542414778,0.13700903824269853,0.147515616021919,0.14278947643903478,0.15428283876649213,0.14491851809803596,0.021145374256504416,0.03348227023457936,0.27130364355913555,0.0006409570060120887,0.02702703522256845,0.0827486358546042,0
2024-10-02,0.15376760714694596,0.1459655826506033,0.1496063145450812,0.1404736741623392,0.2204478621188533,0.1448074370677805,0.019231769239011244,0.08497798811193721,0.32227056430828,0.057032950861429586,0.11208264246285068,0.03450272829079163,1
2024-10-03,0.1521014910410585,0.14944285483934147,0.1629106692990391,0.15399998807405196,0.23053576764007488,0.14586272804255612,0.02298594879389137,0.014881141779863195,0.26111694761321336,0.008971442456385832,0.036168661751024636,0.04152043652652666,0
2024-10-04,0.17849080683780086,0.17004292305590682,0.1707847098400214,0.16168419362752423,0.48963689830321905,0.151750107395491,0.11722283684328927,0.11121538188048896,0.4088828438777941,0.15636001934115876,0.13354531483680498,0.042104910923424936,1
2024-10-07,0.1680640905233455,0.1728879529750669,0.17800705135856462,0.17994735758033836,0.12760453523297322,0.15677105132245728,0.11318823074100556,0.08027893177733858,0.21864919405774208,0.06119819358661646,0.01709062967360994,0.1672515872272267,-1
2024-10-08,0.16983768079524816,0.17056981171186905,0.17860439379375384,0.16815789537614734,0.1027189382145272,0.16210301704917535,0.08820427878671658,0.05874089311349829,0.27880443217871853,0.009612155008924995,0.08863287092012426,0.029824702297296696,0
2024-10-09,0.1710738592320514,0.18226599222935705,0.1796904897806095,0.1833684181741731,0.3011982827758645,0.1656798821580021,0.07292307998697453,0.13784446326696154,0.27606344391245763,0.0064083477927562565,0.06200307359029066,0.18713442464965,0
2024-10-10,0.1651617959806548,0.16361530753035355,0.17349988766167204,0.16784211875830962,0.2190404302495636,0.16837919272041352,0.02659578369978991,0.04385975133363509,0.24025620389501454,0.034283866217458964,0.038553302047564235,0.08128655753503501,0
2024-10-11,0.18316673265741748,0.17199230657346862,0.1758892159721032,0.16394735308301117,0.3057036373071661,0.16934561548100896,0.0456064855290886,0.08889426675091983,0.3614133534655156,0.10637612882502459,0.13116067454026537,0.01228065478978999,1
2024-10-14,0.19187361628548946,0.18474222420692013,0.19261472129674936,0.183947368743347,0.33813747228381374,0.1742665805482878,0.0856582981615773,0.06304826183017609,0.3121058925994051,0.0509453260251523,0.07631152183959353,0.05438601187687668,1
2024-10-15,0.19348597480585764,0.18900978918364078,0.19978278908869404,0.18947370048374979,0.35484581151420796,0.1791542221539839,0.10084745882556476,0.04307667486790626,0.2775094005574328,0.008650963953379788,0.06677265741840249,0.03859672605105005,0
2024-10-16,0.20471893188803206,0.19633309130675322,0.19679607691274806,0.1913684405001903,0.25686811026717615,0.18610800312720177,0.12254576551404858,0.11904793915845421,0.3229717377961865,0.06600463777128834,0.10771059976250633,0.09181334297046843,1
2024-10-17,0.1995055532282927,0.2009167171243215,0.20955744581876665,0.20094738607010315,0.1483386013744083,0.19320618859225785,0.05780817759650753,0.06109012251068476,0.24586890196109093,0.03011862349227209,0.06995207673544442,0.06081879955205169,0
2024-10-18,0.22428251050466688,0.21472037187373658,0.2121639933265689,0.19900000323245393,0.33339623531631835,0.20170401876836347,0.10602884130739473,0.14489364530908513,0.38529714992535175,0.14674786433223377,0.18879170543021168,0.011111259832331697,1
2024-10-21,0.21165218423917806,0.21047917544739062,0.22020093790799813,0.21976315910413324,0.20146718875312547,0.205791863396317,0.09438124350677088,0.05541199651634048,0.21435973614503978,0.0743351232216621,0.0,0.15526316963588585,-1
2024-10-22,0.20488016363956654,0.1996522727811262,0.2128156509186823,0.2051052453873234,0.16485823465584754,0.20814682022245456,0.07170108321252991,0.028195533088043075,0.23920961115903913,0.03941054445166397,0.0290144376263732,0.07192961322072162,0
2024-10-23,0.20697625841956144,0.208240019247434,0.21341842072653136,0.20468422328177555,0.2276580019185105,0.20861336563449123,0.06971715658909913,0.08768006501237655,0.2794944198373552,0.011534781573488334,0.09697911195801287,0.06076035211236186,0
2024-10-24,0.2119208901567278,0.20078499496033095,0.21607385601859794,0.2055526491355364,0.077510968533283,0.21117937387563246,0.051708799165521145,0.013118696884275874,0.2924806480804983,0.028516475430714793,0.03418095611218726,0.041813119888637555,0
2024-10-25,0.22675482637325003,0.21661705848650994,0.22628290971308715,0.21168419262365656,0.21235709455740592,0.21169035339475917,0.06177378546132654,0.0571744414119278,0.3369386308447347,0.08747205285670773,0.10731336186977147,0.0,1
2024-10-28,0.21772547924210908,0.22088458326726965,0.22861796429691975,0.22847367882028524,0.4229529335912315,0.2129455851390311,0.06459460667582884,0.07205528442167816,0.23040591919978964,0.05286770813624272,0.012718586973265587,0.16140372011261173,-1
2024-10-29,0.2287971635677257,0.22322909308084218,0.22671734810782943,0.21539472850207825,0.9066062807630011,0.21788876302238525,0.06972848714622804,0.10318772771884538,0.3192457808525974,0.06504320226227021,0.12917327213646063,0.03654972717092084,1
2024-11-01,0.3967000223395367,0.39458917748271316,0.3972305235935554,0.395789469753276,0.8520388105235017,0.25710096842327007,0.751468072274685,0.14724317347638446,1.0,1.0,0.05961843329375106,0.2046784721571567,1
2024-11-04,0.3754702866119912,0.3813124113892603,0.3873744148432594,0.3787631510932691,0.5135160635939048,0.29090344205382457,0.8519133396396963,0.11963532120027848,0.2030618046846731,0.12560092774982043,0.08803671084598935,0.12163759910410255,-1
2024-11-05,0.4482425165012416,0.43241747573264333,0.3959815235662528,0.37736841749154304,0.7581969146577345,0.33668063210962407,1.0,0.43742185294236274,0.5071041696479341,0.43287405414839986,0.4841016904746599,0.01345049591091004,1
2024-11-06,0.44023435846985004,0.44427174696449656,0.43339671206449837,0.449210529343243,0.41812520639713163,0.3826688820553664,0.8487229609676944,0.25571733957165327,0.24663063764914095,0.046779838846492956,0.03100153679514533,0.4087720237537534,0
2024-11-07,0.4959153256110488,0.48810620608955557,0.45734455890768777,0.4356315726103216,0.5164016920633422,0.43787700158628406,0.4400958838171936,0.4088346322363989,0.43331781034123007,0.3309836465515686,0.46422887937674284,0.0,1
2024-11-08,0.5139740198733307,0.4962724979054388,0.4940537746568958,0.4801578826872598,0.2526851283986728,0.4621152518953895,0.5100950467783081,0.20480900373612027,0.3186910198120192,0.10669660732803064,0.18958678768574663,0.09941507943943997,1
2024-11-11,0.48403740051771316,0.5186111620204122,0.4938908706164489,0.52736841447994,0.3556399490493938,0.4845539590045742,0.28657605570371697,0.3720234654046617,0.19091419230677067,0.17750744483051795,0.0015895580410046541,0.6257311507007001,-1
2024-11-12,0.4760830000718409,0.4734596018433306,0.47971763907300635,0.4624210666371181,0.3191961126574515,0.49030804451117826,0.24679915288771453,0.13862783850280377,0.24797536626156058,0.04645936034348646,0.15143072353091724,0.05672524795545585,0
2024-11-13,0.4992475578228236,0.49769503296299933,0.4966060484380995,0.47368422109334396,0.2656901133808243,0.5025049229969341,0.12097623739917801,0.19697704399838067,0.33430837483103015,0.13713546486983585,0.24920522097949768,0.0,1
2024-11-14,0.4982801673136167,0.49200497312467917,0.5016019656866586,0.4908420865743117,0.1163214920350364,0.5029936896999854,0.12217060304069624,0.11865625154053339,0.26725064404449544,0.004805955277726035,0.07670936620239362,0.13684196436937,0
2024-11-15,0.46012040058955395,0.47988725756484474,0.4658702156104578,0.4736315381174281,0.2686543693289931,0.4918631958846339,0.13829624592083586,0.2862626995971085,0.16700250630434346,0.2265301442911069,0.11526266824995786,0.330409176694195,-1
2024-11-18,0.4850585896174626,0.471668309040134,0.4741243793892582,0.45663156094537916,0.2458052240096869,0.492074255774577,0.13843314905982074,0.16564860750719662,0.34089497623161186,0.14770905538777898,0.18163778454059232,0.05263125019519743,1
2024-11-19,0.5266581037243387,0.5159768795244449,0.4961716100433573,0.4747894392557759,0.4482473934990801,0.5025271442879486,0.21538666194596914,0.33599597257887903,0.3841088657704327,0.24703636832098108,0.37877573100869316,0.016958680783284927,1
2024-11-20,0.5218747037387069,0.5151866269324235,0.5031767323645294,0.517657881934359,0.3388529823402683,0.5072037344786412,0.246504022017569,0.2796055039430186,0.2574581093153759,0.027555284375169586,0.049085867670657646,0.4178367308696176,0
2024-11-21,0.6387724801839125,0.6210848154270813,0.5550910019174369,0.5393158051477571,0.8717585821893035,0.5362407581792626,0.6505158999394643,0.6923558172781744,0.5747787208650503,0.6959306808175892,0.6844196627298673,0.09941507943943997,1
2024-11-25,0.5521337045873469,0.5876293955715267,0.5531903442980209,0.5826315712651389,0.5673444355333301,0.555258115316966,0.5445317793609263,0.45739343990463255,0.07496601067869149,0.5155401517273815,0.10492841833819926,0.60116984112112,-1
2024-11-26,0.518327441184855,0.5490108045336141,0.5165626219993621,0.5413157504972006,0.5117705335660706,0.5621341387215111,0.4742343419100931,0.434484345193013,0.1851706187091504,0.20057651907054877,0.12559631169165122,0.5365492810072591,-1
2024-11-27,0.5421369259419757,0.5299386249882252,0.5272875246784914,0.521052641194943,0.34145555188627325,0.5653333096826025,0.4599521163530286,0.2153824780291928,0.33226306628718255,0.14098022909201668,0.13473763498507477,0.1959068945670651,1
2024-11-29,0.5456304719153316,0.5443744416152965,0.5588378777083677,0.5506841649369859,0.07214857448381058,0.570243164104374,0.43143179611878074,0.09515977478708895,0.2787219794118654,0.01986575593080793,0.01987281109791702,0.18538010913163167,0
2024-12-02,0.5507363354040324,0.553067622087142,0.5506380705168172,0.5536842034252728,0.1631441556195059,0.5520478082855491,0.11247250664675246,0.21890677028014177,0.2827545624505577,0.02947766648626,0.06279815584582561,0.30701770823573504,0
2024-12-03,0.5947544077939725,0.5845736182291739,0.5628563707142451,0.5378947300580731,0.37571354436948623,0.5608566772112851,0.2506993616925853,0.36497488090276375,0.3803211131453522,0.261454723061105,0.419713673352797,0.0,1
2024-12-04,0.6184026607995586,0.6171860483919577,0.615150722074645,0.5896841834282286,0.4230315610699627,0.5815402752276391,0.3144215066494086,0.23026302226883033,0.32595751517117644,0.14001903803647148,0.2746423949260289,0.012280208626128237,1
2024-12-05,0.6122756082111084,0.6114802317369502,0.6185175160580835,0.6146315802597933,0.2604063468100832,0.5960365742618744,0.31371792319115827,0.16357335030347575,0.2557333913560045,0.03556553577601021,0.04320371450785561,0.2532166169194184,0
2024-12-06,0.6642480810469207,0.6486393878251621,0.6080912431662232,0.596105242355643,0.5285653630230692,0.620552522909149,0.3812324445307235,0.5149592701643684,0.3905281653062842,0.3088752744601367,0.46343410035624055,0.15964895843093163,1
2024-12-10,0.6275394820967148,0.7168831256009423,0.6212869676063327,0.6816315564279746,0.7693305656460819,0.6364262368884797,0.23087396030143242,0.9270445212283634,0.18968556689831984,0.2178789358842542,0.33239290041882824,0.9678369539514485,-1
2024-12-11,0.6812318696289571,0.6746713372229493,0.6714634835802712,0.658947359206604,0.3769086820462015,0.6542994433121667,0.27559040968555054,0.25144881096964344,0.3922509984451073,0.3191286309285467,0.18525416553964313,0.17543869042042004,1
2024-12-12,0.6682790388553761,0.6948973820229957,0.6836220412481151,0.6589999618731054,0.22301898067336573,0.664607918858761,0.26578279039112623,0.31410568395201155,0.24210520540057912,0.07625774978622543,0.3374405507718545,0.04508751500225313,0
2024-12-13,0.7174029747340169,0.7028002295108978,0.685093646415123,0.6607894965565431,0.29131480869934423,0.6863356972043831,0.2960164019664928,0.36223396388765644,0.37664553271419315,0.29189358060291026,0.38354501160177235,0.04912351148648347,1
2024-12-16,0.7466946670834965,0.7363083060752801,0.6997013163533077,0.6866842232416208,0.6090956267396329,0.7033758001386239,0.4280181981756149,0.5059525463429803,0.3301609580995837,0.17366268060833712,0.44077880459898494,0.17953268818067844,1
2024-12-17,0.6966569752660982,0.7216090451202275,0.7057833710190481,0.7281578520090635,0.4486641191363558,0.7176610392829161,0.2818527860318011,0.35283525367823354,0.16998812362098698,0.2973409817935942,0.01669369501590771,0.5748533236961982,-1
2024-12-18,0.6529076497987311,0.7048285980917008,0.6538148277395419,0.7034210264623335,0.5192951832806528,0.7118069749166246,0.3471322071511716,0.6028741684854297,0.17772247328996438,0.2598525749995477,0.07690768191372842,0.8596494045945934,-1
2024-12-19,0.669407743126164,0.6638128807273492,0.6509367458774443,0.6584210113039315,0.2809595697504364,0.7120402560975823,0.34508644969765284,0.3187659001719422,0.30636279907471053,0.09740493082211168,0.1073136651048041,0.39064305568568664,0
2024-12-20,0.7069762994245848,0.7033797748756876,0.6593538136966917,0.6536315987510359,0.5124388671352864,0.709885265465759,0.33351762021220616,0.5521615270738007,0.35142041225693865,0.2230056141184592,0.44197112474725364,0.24678382924424339,1
2024-12-23,0.6956895847568911,0.7018519264004721,0.700640790417696,0.6971052531773365,0.19976097246465696,0.6993435087382072,0.1976495534648655,0.24306890684497268,0.24635305505450952,0.0663251162742944,0.1021465401489248,0.2852047668125622,0
2024-12-24,0.7429861727781101,0.7244013781345993,0.7143089862914924,0.6852631481519368,0.07158245663694547,0.708918851180103,0.3203581676368363,0.3121087045178523,0.36956305342334417,0.280999756035434,0.36168540457011583,0.006432787675175008,1
2024-12-26,0.7393851936437622,0.7460024463663787,0.7462395039895124,0.7315789527576054,0.0985909955811357,0.7267920745536688,0.28095730584502493,0.2424026494933606,0.2626396282362004,0.02050622402987417,0.17488049507364367,0.17719300593843834,0
2024-12-27,0.7221863747196487,0.7161296925091392,0.7083899185268503,0.7196315620897883,0.11147803934519034,0.7377003893586306,0.1778347919132943,0.2933112840990064,0.2352645653532986,0.10157041800077149,0.03974562219583404,0.45204677579829833,0
2024-12-30,0.6791357748489621,0.6806195355224068,0.6783057018609964,0.6767105167447036,0.49950464688399304,0.7319462953770871,0.2505990536625541,0.24631892813234318,0.18167541440383012,0.25568708782088795,0.09598541075611049,0.29912328840465263,-1
2024-12-31,0.6679028587718111,0.6694923288319821,0.6803692635208592,0.6694736747847371,0.176927552641097,0.7262033205159905,0.3189788904421378,0.14873104863828052,0.24573313950244796,0.06600439331781542,0.0666929066048229,0.19649136896396338,0
2025-01-02,0.6811781530484612,0.6738231220552566,0.6445071736401707,0.6612104785073837,0.22709188407164538,0.713428807113003,0.2822716195261868,0.4395365478009773,0.29872615638031125,0.07818013189731585,0.16176497344267585,0.4908772916081077,0
2025-01-03,0.7447598040550361,0.7408392751840207,0.7038555351060072,0.6775262997772558,0.6484958563318708,0.7145396343654369,0.3003032944013468,0.509672831787945,0.4060758452976634,0.3780839639010667,0.5441176648961784,0.0330410961348842,1
2025-01-06,0.7541653722747652,0.7749268971131925,0.7447732847648387,0.753684199409802,0.33244484282367004,0.7211490700773202,0.37717098223346274,0.4679669141977052,0.2886643671895008,0.05511056875033917,0.2261526873295061,0.43859672605105005,0
2025-01-07,0.7156294254671375,0.7508495165119281,0.7263535277031538,0.7444736732789355,0.23688886792156122,0.728691596613277,0.3504851850267927,0.4218356136962195,0.19353918079633858,0.22877276045173045,0.11406974163162281,0.5346200693338331,-1
2025-01-08,0.7139632273512035,0.7045915223140945,0.6986152617967777,0.6778420763950934,0.23700680913965816,0.7382113773526967,0.26099069803596775,0.2780387534713352,0.2664175181533441,0.008971931363331685,0.2682829498218798,0.09298229176426497,0
2025-01-10,0.6874664373884459,0.6801453839671939,0.6649470733804399,0.6852631481519368,0.22137566636788225,0.7395110432040587,0.23969424562437325,0.33912887598202,0.21509927730686715,0.15700073189369793,0.02782181424307078,0.53801180549049,-1
2025-01-13,0.6744060914438263,0.6580174270794522,0.6474613215801576,0.6402105303270333,0.2500275196175559,0.724970301587794,0.2793432440111905,0.300751854988938,0.24206912902400665,0.07689870679223752,0.2011127512757098,0.22573115070070005,0
2025-01-14,0.6753198473825839,0.6932588338713598,0.6717892916611651,0.6884210749491425,0.29294239750908146,0.7086744678285772,0.1766700285736689,0.3872571559176649,0.2718271671678809,0.004486210135138769,0.10290098891008839,0.4994159717667635,0
2025-01-15,0.7068687842535463,0.7282474080689735,0.7067607952617296,0.6909999708677599,0.31266216917488326,0.7068638139831491,0.15560448383803968,0.39512855331029817,0.33789393959301195,0.18711935538597002,0.347376956320813,0.1514618552377383,1
2025-01-16,0.7293346164078486,0.7176523155094328,0.7188704651453092,0.6997894347383713,0.16930854995203726,0.7100407806031046,0.2075000641927758,0.2290494180705127,0.31663882253187725,0.13296997769117605,0.20107333072146893,0.118713442464965,1
2025-01-17,0.7318069732814549,0.73372668028814,0.7320119158588202,0.7341052460097213,0.1719740214810272,0.7192051054356825,0.25217920622644785,0.2537594990222748,0.2748800264475249,0.013777886641057719,0.06319539373856047,0.3584800096371351,0
2025-01-21,0.8016231920475186,0.7923658343737892,0.7507467091167307,0.7299999893590026,0.49434668427922185,0.745498401416681,0.43477460685296876,0.5545110552411,0.41139672678243755,0.4152516477386342,0.5365658996437596,0.11111081366866994,1
2025-01-22,0.7770074665226792,0.7775611796091599,0.7828944045817962,0.7824736789407493,0.2996571841927317,0.766515250998741,0.3586292691838215,0.21264096347386097,0.22339204529006657,0.14578667327668765,0.028616896498605725,0.3479532242017033,-1
2025-01-23,0.76760189830295,0.77497955382202,0.766494707338044,0.753684199409802,0.18714126212828858,0.7790676023412174,0.2807415664698371,0.3117167181298186,0.2516588603960256,0.05511056875033917,0.22654992522224096,0.2046784721571567,0
2025-01-24,0.7698054262439369,0.7897315518778218,0.774640240802996,0.7622631723049932,0.2150382915821421,0.7874321301960528,0.22399622003742764,0.3626253527354645,0.27415834561359537,0.012175249672554572,0.27305223041495896,0.21228110095345176,0
2025-01-27,0.7613673305434611,0.7533257484894913,0.7214227389265129,0.7127368382356174,0.22647072698966836,0.793541680084438,0.1314533998990111,0.47579887393544584,0.2534105689195792,0.04934293351012299,0.3724162859045452,0.2350880950150134,0
2025-01-28,0.836181897627187,0.8230815779237997,0.784469171259667,0.7642105149879352,0.3329480586875501,0.8006842911816449,0.27824894445255566,0.5396305110014636,0.41691688948653427,0.44504954827442733,0.5099364055489586,0.12807038677928004,1
2025-01-29,0.8751478231089224,0.8691288648944013,0.8597393725932347,0.8536841974020668,0.36759132581654635,0.8209679907091275,0.4785350761184602,0.33909003586735204,0.3409747800376784,0.23133609956883294,0.18163778454059287,0.31163728678954017,1
2025-01-30,0.8586477297814893,0.885197923806265,0.8598425341040976,0.8746842258918317,0.2343570631064144,0.839785390127456,0.48723448016274357,0.45778482875244053,0.2408195542077558,0.09740493082211168,0.14427619617123205,0.5438601187687685,0
2025-01-31,0.8619800440033106,0.8745554804047404,0.8672278210934135,0.8581052306706234,0.16143007658316427,0.8588360876766209,0.4241267578376588,0.325423095826031,0.2758088096968794,0.018904564875262726,0.1891895497930095,0.2801167164139166,0
2025-02-03,0.8768139392148094,0.8687600267568436,0.8232419072384123,0.7911578571689434,0.1904986554701137,0.8826966523129302,0.13840879117308816,0.5995458694284976,0.29627794065924523,0.08747180840323389,0.6510334856381824,0.009941418711211647,0
2025-02-04,0.9466838745613692,0.9359342304040119,0.9220364131960723,0.8950789623244646,0.33975719834567786,0.9055352579109862,0.3315664357572251,0.38639550291226277,0.39261508024496666,0.41557188178816734,0.37301244597867783,0.10070181543994301,1
2025-02-05,0.9781253782713398,0.9513710872422583,0.9429812657453363,0.9194736697653987,0.1867638502303785,0.9268187121355865,0.513184858610155,0.3500937391229006,0.3217613930644134,0.1864788872869038,0.3052460873583741,0.14619890868368335,1
2025-02-06,0.9531333906528888,0.9580095305829261,0.9321205544587337,0.9665263132491602,0.41051406645594507,0.9463470572673561,0.47790803301651913,0.477757013254936,0.22968650214493733,0.14802977834425612,0.0,0.7859654758558535,-1
2025-02-07,0.9999999999999999,0.9822976184114225,0.9820798098049754,0.9462631236374881,0.33492947115157806,0.9748730929739112,0.4350401651308136,0.2980109379738307,0.34679792527859504,0.27843641691832965,0.33624823062358355,0.022806994061563324,1
2025-02-10,0.9983876004746087,1.0,1.0,1.0,0.24582881225330627,1.0,0.22146636732599403,0.30036046614112893,0.26730982184178886,0.008651208406851803,0.06399047599409428,0.4269009918218201,0
2025-02-11,0.9383532120218857,0.9582202378101579,0.9447732930509039,0.9643683992813832,0.39488292368416916,0.998278214368752,0.24651142699786138,0.38807937126817343,0.17498236351495738,0.35693678286517955,0.01788540869411114,0.6257311507007001,-1
2025-02-12,0.9529184423208582,0.9491056428838489,0.9429812657453363,0.9200000176680709,0.7907722790960985,0.9930684318428576,0.25881125273058875,0.3332550555637717,0.29407464960996443,0.08587014924862243,0.2841809561121884,0.15204722196195844,0
2025-02-14,0.8449425388407782,0.8605937349409603,0.8428998510124059,0.8589473551911333,0.5689956125866867,0.9707074907772849,0.5987351067101963,0.39708609508956383,0.09255190989491549,0.6427424941783405,0.07750384198786332,0.5514618552377384,-1
2025-02-18,0.7952273925364953,0.8227022084444762,0.7952756088196712,0.8136841660813952,0.61580255067541,0.9283849826294889,0.7966868698095362,0.45888131506652863,0.17986798868731932,0.29541811077555796,0.13346586725825688,0.5614032739489516,-1
2025-02-19,0.8088251503162144,0.7919285827107163,0.7961444856091556,0.772105251671535,0.2559953452532591,0.8892061176400655,0.6979955057933708,0.22388009757831773,0.29568362952787,0.08010251400840535,0.21530233139222368,0.0900581351251266,0
2025-02-20,0.732398183707097,0.7752429981500011,0.7235949309002242,0.7836841827455986,0.7420468305263322,0.8466392261407437,0.7770619083414939,0.6230417486417164,0.1266169702232957,0.45466194773682433,0.0019874024038047506,1.0,-1
2025-02-21,0.6838116596635555,0.7159980105411095,0.6762584637494387,0.7194736737808695,0.6880454781336981,0.7910200974754474,0.6099296864650949,0.524044869295545,0.17141414667221944,0.2886897733867415,0.03994454437723408,0.7963164728085557,-1
2025-02-24,0.6793508051910392,0.6626537899977698,0.6345370486336921,0.6630000131908214,0.5283687943262411,0.7567955125399463,0.5730314884254449,0.4284151291209735,0.26032542326191543,0.02563241335713332,0.06399047599409541,0.6181294142317285,0
2025-02-25,0.6493604692549257,0.6658676178585269,0.6374694870830395,0.658947359206604,0.38743690144831816,0.7266476615868912,0.5907623588233516,0.43115604613608083,0.20546936248376133,0.17782767888005105,0.11883962869476726,0.5415204365265267,-1
2025-02-26,0.6929485629707582,0.6833065551191235,0.6726581684506496,0.6482105526530506,0.4051516724064726,0.7026982287364016,0.2716946018224566,0.30701766179522,0.36669587696731515,0.2588913839440025,0.3314783435604402,0.04327519820820674,1
2025-02-27,0.6482317649841377,0.6930006954102224,0.6443117053637647,0.6926842199087802,0.3266421348933025,0.6853026698953192,0.1804017980043936,0.5834899635649847,0.17529853581774055,0.26562021023976484,0.06875975658717462,0.8426907238113085,-1
2025-02-28,0.6589809858066854,0.6468480950219655,0.6413249931878187,0.6215789067804656,0.6422764227642276,0.6801706534130368,0.17089635301189832,0.26198344514804806,0.29376785250613013,0.0631208201511798,0.25755206848745155,0.08479518857107164,0
2025-03-03,0.6625819649410333,0.7039593202404772,0.6682052370500299,0.6666052634268256,0.4708606563821925,0.6767048608595261,0.15592268207461815,0.49263815503479924,0.27776641417722076,0.02050622402987417,0.3483703542876827,0.295614657368616,0
2025-03-04,0.6449532493528588,0.653539114679539,0.602307901148403,0.6266315735941119,0.5183437907880045,0.6757939743765886,0.16456285676198243,0.5930840694281988,0.23128118698466793,0.10413326821092814,0.2698725078628844,0.5611114829141626,-1
2025-03-05,0.6952058895022877,0.6816733128343313,0.6568938466810311,0.6431578858394044,0.24906040162916138,0.6762605197886253,0.17376017590372933,0.4085606600429333,0.3820779477901557,0.29862240689867253,0.3573133618697715,0.15690059027452452,1
2025-03-06,0.5995378077796043,0.6612312549402093,0.6146076533660545,0.640526306944871,0.32612319353367614,0.6661964275935568,0.31914639957513924,0.5615602372832236,0.06806360969032874,0.5693688064656965,0.22297296477743156,0.5830413192167151,-1
2025-03-07,0.5095667999712638,0.5673981252965583,0.509964676918656,0.5695789624348899,0.9943702725228412,0.6353154265859248,0.6842574452620134,0.6187346786951514,0.05766804941590967,0.5354054187512437,0.05087434789306235,0.921638491431427,-1
2025-03-12,0.4918305692120508,0.5050709917949393,0.4820526936568391,0.5052104848518274,0.8004591844757906,0.6000244400301405,0.8325707874542508,0.3567512335471028,0.22279933039845065,0.10477422521694023,0.0667729606534351,0.5070172620720724,-1
2025-03-13,0.44265291675291396,0.47983452046409547,0.4410534919777839,0.47999999437834096,0.4796512085043481,0.5582129029265318,0.9610907279071145,0.46483371202445134,0.13608883677672157,0.29221381465244334,0.06677235418336987,0.6684214283483467,-1
2025-03-14,0.4785553569454474,0.475356288456104,0.4675536126021771,0.46163158493781675,0.44271988174427196,0.5134354590929107,0.5531601078881658,0.24044510771409439,0.3748634723000663,0.21307298060652816,0.17170107575660118,0.1789477676201184,1
2025-03-18,0.3812211181118532,0.4285187488934805,0.38435513843135427,0.430368414821255,0.9469814910915066,0.46831365304807615,0.47681410627953275,0.49228560630165863,0.0,0.5793016844311005,0.05445161157290381,0.72754435982207,-1
2025-03-19,0.380199970017127,0.38394669388522773,0.3700787453770489,0.37526314634497493,0.6558553883411175,0.44157604989593435,0.4949164499474357,0.26394128569742653,0.26655773692492246,0.005126433780732079,0.1343403970923399,0.269005902745245,0
2025-03-20,0.3739654022576382,0.3813650680980877,0.378441498039372,0.3704210508161635,0.5201286345552043,0.41721561638600546,0.4378972927628557,0.18444543038581623,0.24969150074899749,0.0362064927820223,0.1514307235309167,0.12514623014014,0
2025-03-21,0.4113189282139821,0.39875134864985695,0.37279392319869953,0.3631579075229462,0.534572502398138,0.4107394914703316,0.4058785496712894,0.35440170537980403,0.3919467994721624,0.22172370010643547,0.3374402475368224,0.10526339271771588,1
2025-03-24,0.4609803579377688,0.45254339239399577,0.4475156284510168,0.42636840365824646,0.6151656680976867,0.4071070816089074,0.3339672306210459,0.21538217925907943,0.4224254354203101,0.29509787672602394,0.2658983095253396,0.0029237104754766146,1
2025-03-25,0.4636139055578865,0.4566001697515627,0.44892749108844054,0.44842104764394164,0.3638329323331918,0.4241360654227012,0.398672070605641,0.23535406499146266,0.2773469775021124,0.014738833243130457,0.12996805115696294,0.23274885893643507,0
2025-03-26,0.43550467506471424,0.4478016758620622,0.4334509857910971,0.45157893428644014,0.2878787878787879,0.43556647039229723,0.3455426370622881,0.2815633444923965,0.1901957486074866,0.1666133758095683,0.03974562219583404,0.4345031744544526,-1
2025-03-27,0.3819198437085337,0.40512630746658274,0.3947868801262,0.41421052201500896,0.43929958641946193,0.43721049845487236,0.3173511073724102,0.2431860247292028,0.11139314496955577,0.31848742946906217,0.0,0.4356725694119125,-1
2025-03-28,0.3683758025093107,0.38025867427329685,0.3605213078443473,0.3760526280442764,0.5357361890833608,0.4283349910809102,0.414850568515442,0.30545121009365006,0.22617934854692368,0.07978227995887315,0.1005563756378549,0.3807020831381376,-1
2025-03-31,0.3532731603752387,0.34764624411051304,0.32723324266582765,0.33418419819512224,0.6544400937239546,0.4060740119251466,0.43905357650831217,0.30310138315623736,0.22001394381300143,0.08907395646479209,0.1707073745546988,0.27397661210085167,-1
2025-04-01,0.3809524121943034,0.3740417659749753,0.3638284007285274,0.3526052504568552,0.42300797282634334,0.3889894918336946,0.28275568156418995,0.23539320387624346,0.36364628153301853,0.16405003669246582,0.23072334897621732,0.08456139881231317,1
2025-04-02,0.3779963600660936,0.38536918874682724,0.3665490059228379,0.3476315679523756,0.6986208740230535,0.37710364362262994,0.09572944023847813,0.2999687785232092,0.2603065946719558,0.016661459807692885,0.35373609818992946,0.0,0
2025-04-03,0.3102762770850481,0.3155607026036914,0.3056204089761452,0.3194736818118109,0.8375713544369485,0.36229631431370346,0.2614109753360602,0.22047322198171282,0.05002330840314623,0.40275543065612773,0.03974562219583404,0.34327519820820757,-1
2025-04-04,0.25658393055782913,0.2755723136089676,0.24680968884623963,0.280947368402032,0.9515497476057933,0.33919111254804646,0.49423277026009743,0.3473528221077933,0.07289607950750215,0.3191283864750738,0.0290144376263732,0.5485381447622617,-1
2025-04-07,0.28931528828007547,0.29712072513191967,0.2302470875620404,0.22215790553528825,0.8321932348917299,0.32597226654909783,0.517980101535652,0.626958027280699,0.4037235523752957,0.19416841573126542,0.6355324140055771,0.0736843749024017,1
2025-04-08,0.26722563620933826,0.30186244166385323,0.26896550838386146,0.3070526262172373,0.6640326461291691,0.3024671578196302,0.4505710117896819,0.38298892608576796,0.1854254529456145,0.1307273615305525,0.030206757774643003,0.6000004461636618,-1
2025-04-09,0.3853058335058279,0.3861594815348097,0.27029053305872763,0.2628420927581367,1.0,0.30397788356093514,0.4797643488826791,1.0,0.7420372425127812,0.7029797411628848,1.0,0.09450281752352398,1
2025-04-10,0.3377405395670593,0.35222991012404214,0.3335324336682879,0.3430526463749003,0.48458115142079855,0.3096542114988664,0.5049148907263515,0.2917451311675488,0.1173434671349795,0.2826016596435179,0.1383145954298842,0.30467891832081845,-1
2025-04-11,0.33311837133296185,0.3224625098804186,0.3208254213495191,0.32736841849541076,0.2381862213206271,0.325472389200539,0.42926391698354455,0.16212401648613536,0.2537484510677503,0.026594093319624836,0.0321938569434157,0.2672515872272267,0
2025-04-14,0.31758575052478244,0.3471720925553001,0.3266359002306385,0.35236841799347685,0.21662656665251373,0.33131534292132325,0.3948223412144367,0.303884758392079,0.2152705682848165,0.09163729558189414,0.02980921664687553,0.4824563986561551,-1
2025-04-15,0.3079114353824801,0.31182002628293304,0.3106706413816286,0.31505264854325443,0.2259281973864226,0.3397243048832487,0.27127362959715057,0.15625019606788598,0.23485761081393158,0.05671271681189692,0.04491244391668072,0.23976656717216926,0
2025-04-16,0.3021068462970987,0.28916518073922903,0.29465110880601986,0.28563157562192465,0.1963328143919737,0.3225286952866019,0.12981484303057736,0.10338342214274882,0.24846452727086957,0.03364315366492025,0.09618433293750998,0.08538010913163167,0
2025-04-17,0.306299076862112,0.29643582615351416,0.30263373823052486,0.29326313835418827,0.1313078894812159,0.31603035755485276,0.09948942415376075,0.09985912989180151,0.2854778341588968,0.02403099865599526,0.09340245474823665,0.08421026801051246,0
2025-04-21,0.2954960984540451,0.2887437260888046,0.2901439036788017,0.29052631397194484,0.14958877828623546,0.30825456678781693,0.05743821739262037,0.13275401808455492,0.22992121721063408,0.06344129865418584,0.056041472848941655,0.18830426577077003,-1
2025-04-22,0.335859434124118,0.32293670163159227,0.31523216166577084,0.3023157761761358,0.3082590303659323,0.3120313811410793,0.12980519066930438,0.2059837678197699,0.4222431620918695,0.23966682947267962,0.22496036718123688,0.04912261915915914,1
2025-04-23,0.36547350796662004,0.3843154918268247,0.37181645752569226,0.3721579025236853,0.3684011888474784,0.32392833999765136,0.2651364121528693,0.2541511866401951,0.3734006529217769,0.17558457381248213,0.1605723500593723,0.21578973198948923,1
2025-04-24,0.3927765386970966,0.38120701757968345,0.3736627999881841,0.35842105748184494,0.23217121919768519,0.3426679987971858,0.3757969209466938,0.21773170742637932,0.36041182119352533,0.16180717607836936,0.24085837347154382,0.043274752044544985,1
2025-04-25,0.4242180014020438,0.4212481034791957,0.4176269214918944,0.40121051585126144,0.5908383261782327,0.367039542952622,0.46741544465106555,0.19830836362115406,0.36941849764105006,0.18647864283343085,0.21979324222535757,0.04526330348498436,1
2025-04-28,0.44093304306150727,0.43410341492222404,0.4287266028968332,0.41989474206433053,0.6056753314148228,0.39709852569149695,0.3971751706452835,0.21381572755751005,0.3201632460798735,0.09868635592719001,0.17567557732917918,0.13333333333333333,1
2025-04-29,0.44593143238419286,0.4356313035934004,0.4390442454748452,0.4251052570321885,0.20275667940431824,0.4198482630753727,0.31292032721550006,0.1507677644974457,0.2845125937263515,0.02883695393372084,0.14785376308610784,0.08011716257757588,0
2025-04-30,0.4159948540335986,0.40217592393380663,0.3863698123069528,0.3951315750296427,0.536247267695114,0.4302900409432373,0.18654996824264264,0.2819550321103173,0.18273202448166534,0.177507200377045,0.1218204290654412,0.3143276536699192,-1
2025-05-05,0.41470495901629933,0.42288138595994895,0.40336681055556856,0.390999976890966,0.8131024830557783,0.43482221816715205,0.1186849119072694,0.313283468601503,0.26592122937800083,0.00672858184228983,0.3092211954010168,0.0853801091316325,0
2025-05-06,0.3806299076862112,0.3907958042571663,0.38707574362566466,0.39394737255804413,0.610652450818512,0.42581340847191984,0.2332031565808172,0.19227768889366975,0.1657353194092862,0.202178911585579,0.04491244391668072,0.2935676584884876,-1
2025-05-07,0.3566591501725328,0.3739364123613593,0.35541680171226553,0.3712105325154649,0.629955496847038,0.408395636814762,0.31799761274072347,0.29526942341849777,0.1923878943569602,0.14194166460103436,0.08942764994062659,0.381871478095595,-1
2025-05-08,0.3690207705204718,0.3638207772238753,0.36844962211192833,0.3655263124661433,0.3593826170370021,0.3924997015444166,0.24192664640422323,0.12609682243046444,0.31149207084994474,0.07273321961357726,0.056041472848941655,0.17836284705955757,1
2025-05-09,0.372406760317766,0.37799318971892637,0.3701873342605716,0.3739473568977083,0.2868173169159158,0.3834908918491843,0.19294999229809753,0.21890677028014177,0.28101623913953827,0.01922455447132337,0.0993640554895851,0.2532166169194184,0
2025-05-12,0.3871869389487691,0.3895050315595573,0.3923540499738388,0.3965789514525775,0.4625025553930588,0.3778034532657457,0.0921429099965076,0.14461967311561955,0.3182935935025982,0.08715157435370167,0.015302149451205239,0.26596529739038877,1
2025-05-13,0.39594753915733705,0.3993308940146466,0.4026608792368567,0.390736843094337,0.43217593684640904,0.3809693092401938,0.12981248749353075,0.14332719360751467,0.29785565377373324,0.05126556007468542,0.13354531483680498,0.09005858128878835,0
2025-05-15,0.39997849696579235,0.4292563447766745,0.4099918510692484,0.4383157943260635,0.9846283279080372,0.3899225741828287,0.11340787952417289,0.31289178098358056,0.2825523747300513,0.023069563146976668,0.0,0.5397665671721693,0
2025-05-16,0.39804367494235526,0.40560045902179565,0.39896823574219886,0.41421052201500896,0.5848862260382758,0.39592104304095843,0.08915143973350229,0.21655694334272962,0.26379987728828364,0.010573346064470203,0.0035769604448094047,0.3906435018493484,0
2025-05-19,0.3698806868636635,0.36608622158228477,0.3662775129988681,0.3478420990825031,0.7316994543252976,0.3953989528763243,0.0992624232740282,0.15859942546507358,0.18144413754552302,0.16693385431257526,0.20667711412432394,0.00526294655405579,-1
2025-05-20,0.35725036059817483,0.3550222431384138,0.36448548569330064,0.36078946242504195,0.4709785976002893,0.38921164541926623,0.1686256173820447,0.08928565559872728,0.2282809594310989,0.07433512322166164,0.02543717394653061,0.168420982184685,-1
2025-05-22,0.3179082140278513,0.31529199260482754,0.31684496138258633,0.30784210791653865,0.5767011055023509,0.3730824374429025,0.30919312195176785,0.13753135218871515,0.1374765603803339,0.2335789601829294,0.1255562846673451,0.0931580802469962,-1
2025-05-23,0.331022276552967,0.32485971659877944,0.3143090111496878,0.3001579023630663,0.4375776446352471,0.35883053023513223,0.2896125784812311,0.2269344244417854,0.3172657386275596,0.0772189408417711,0.25576298179498214,0.03508764885135082,1
2025-05-27,0.3517682760208858,0.3388003591830677,0.33554168017122654,0.33789473407354387,0.45258763032504595,0.3492663069136831,0.18281300476572213,0.1774359847686991,0.343041192987766,0.12271711012971188,0.07595400773613159,0.22573115070070005,1
2025-05-28,0.35612169733241006,0.34826268936744287,0.35699156839013646,0.3481052730338392,0.3311474894246041,0.34642259185943347,0.1496713094281658,0.09308451758336805,0.28464564636895767,0.02499194525806663,0.07023044649539201,0.10818754935685426,0
2025-05-29,0.3754702866119912,0.38563263307480833,0.3814499197059573,0.36521053584830554,0.7470475381736409,0.35018829556718845,0.19834892957273512,0.1944706615218453,0.3350880517621417,0.11438638022586523,0.22297296477743156,0.034853859092592344,1
2025-05-30,0.39331399153721935,0.379415724776487,0.37464022423086574,0.3605789312949145,0.5006368825777232,0.3657732005628428,0.21127349664665507,0.19736873161630206,0.32802796740327544,0.10541493776947938,0.21104946005970093,0.05672524795545585,1
2025-06-02,0.3920240965199201,0.38489503719161444,0.389953866918088,0.3703158053284533,0.26348854397634885,0.3783810881829772,0.1688573680209064,0.12766297536192264,0.2657734911037994,0.0067285818422893745,0.17885529988125318,0.0,0
2025-06-03,0.3853058335058279,0.3939938351052752,0.3940809073771626,0.38768420193954867,0.3360695695931814,0.3853126478651804,0.12831653861531525,0.16553119085285367,0.24855356579784854,0.03909006594865792,0.11633551379537457,0.14853814476226088,0
2025-06-04,0.42480921182768583,0.4166644776616273,0.39923977009649425,0.3793158003291923,0.5893208158387193,0.39950901879529255,0.1597190166685766,0.29683587512006715,0.3965161956225475,0.2345401512384746,0.3505563756378538,0.0,1
2025-06-05,0.3927227811115773,0.4142409425888527,0.4045614954259471,0.42084211207255096,0.391895079492381,0.40307477325861196,0.13031052612394423,0.24044510771409494,0.1733709768104063,0.19032365150908506,0.018680490949646654,0.4040939977602593,-1
2025-06-06,0.4413630217356148,0.42509417360953083,0.40955741267450607,0.3938420869156267,0.4391423314619994,0.41300557160734974,0.21823070779298098,0.28508793551345885,0.4238946748753214,0.2890100074362751,0.30445161157290496,0.050292460280279186,1
2025-06-09,0.42115447510781867,0.42872949631667334,0.4291609998612498,0.42552631929244356,0.34971929990092937,0.41902625328155485,0.20755940988428948,0.17073965022982945,0.21063073021789114,0.11951305846007022,0.09260737249270114,0.19122842240990925,-1
2025-06-10,0.41878963340525077,0.41381944774246726,0.42307902805616093,0.4073684008273396,0.3493340252551462,0.4259467023182506,0.14974547831992172,0.10377510976066964,0.26270230310902853,0.013136929635045631,0.11724976741872942,0.054970486273774946,0
2025-06-11,0.4077179490796341,0.4215747760537306,0.4186804118124654,0.4136842142670437,0.3774040351622085,0.4224142713165139,0.15399822912839362,0.19313934189907192,0.23624361987814443,0.06504320226227021,0.1280603995667378,0.17251497994494258,0
2025-06-12,0.41400623341961895,0.4083928322321283,0.3991311397826458,0.3906315574519196,0.28589737541475996,0.42681314621915856,0.10239792714768561,0.23613744022730487,0.28928602737207354,0.036526726831555875,0.20270291578678026,0.12690054565815834,0
2025-06-13,0.42464798007615134,0.41987830552238437,0.407005180323628,0.38684211757374565,0.41836895158119863,0.42335847278609473,0.04245809461243003,0.26472436216315537,0.30240762660316284,0.062480107598640186,0.3179649775666723,0.0,0
2025-06-16,0.46775233753235723,0.4530175439492087,0.4565571755687523,0.4348684323989781,0.5674387885078076,0.43298934303070924,0.21197762027092334,0.1537043759364581,0.3995016951057945,0.25600756632389443,0.20528587179465466,0.0,1
2025-06-18,0.548156545369434,0.5441637343880648,0.5153407588353588,0.49221055899749433,0.8643046972055793,0.45972696313272987,0.5516730812773174,0.4072681805348284,0.49632173289551834,0.4783724678898136,0.4598565334413659,0.004093997760258418,1
2025-06-20,0.5373535259563439,0.5658122338537499,0.5470975177476122,0.5405789116191079,0.5974902108788979,0.48652011103746917,0.5892455957973519,0.339167716096688,0.24265133180429688,0.06344154310765877,0.25790927935588026,0.19953152815515787,0
2025-06-23,0.5104267573194787,0.5324675136746158,0.520934018519107,0.510368437307891,0.4614882609174254,0.50644835465811,0.4815138013820494,0.27999689279082657,0.20107056600751722,0.15956407101080042,0.23449892836739472,0.14561443428678508,-1
2025-06-24,0.546167883750431,0.5435315323144475,0.5358674965381856,0.5134210784626794,0.42140397226022547,0.5315641510386913,0.31025024550956687,0.25454287425811645,0.36456450701032805,0.2121113006440371,0.29491244391668076,0.018713888628626753,1
2025-06-25,0.5509512837360628,0.5971128286353936,0.565245740455002,0.5900526430219822,0.6213064741865987,0.5487597521603987,0.14039529351468388,0.4409461451933117,0.2819312688473749,0.027555284375169586,0.12042918673577191,0.5538015374799784,0
2025-06-26,0.5631516723324675,0.5605489747286587,0.5614987818034198,0.5594737091170118,0.42449403217436427,0.551858952736742,0.17192606832752702,0.196193668762539,0.3004636340810984,0.07177202855803251,0.07551643958405857,0.25438645804053844,0
2025-06-30,0.5987316490219319,0.602697494664137,0.5942438197036746,0.5751578968417941,0.6853485556132156,0.5645446148754281,0.2905417240821043,0.2733396971367366,0.3577122205117126,0.21115059849543774,0.2750396328187637,0.07602361098098005,1
